$MeshFormat
2.2 0 8
$EndMeshFormat
$Nodes
1891
1 0 0 0
2 5 0 0
3 10 0 0
4 15 0 0
5 20 0 0
6 25 0 0
7 30 0 0
8 35 0 0
9 40 0 0
10 45 0 0
11 50 0 0
12 55 0 0
13 60 0 0
14 65 0 0
15 70 0 0
16 75 0 0
17 80 0 0
18 85 0 0
19 90 0 0
20 95 0 0
21 100 0 0
22 105 0 0
23 110 0 0
24 115 0 0
25 120 0 0
26 125 0 0
27 130 0 0
28 135 0 0
29 140 0 0
30 145 0 0
31 150 0 0
32 155 0 0
33 160 0 0
34 165 0 0
35 170 0 0
36 175 0 0
37 180 0 0
38 185 0 0
39 190 0 0
40 195 0 0
41 200 0 0
42 205 0 0
43 210 0 0
44 215 0 0
45 220 0 0
46 225 0 0
47 230 0 0
48 235 0 0
49 240 0 0
50 245 0 0
51 250 0 0
52 255 0 0
53 260 0 0
54 265 0 0
55 270 0 0
56 275 0 0
57 280 0 0
58 285 0 0
59 290 0 0
60 295 0 0
61 300 0 0
62 0 5 0
63 5 5 0
64 10 5 0
65 15 5 0
66 20 5 0
67 25 5 0
68 30 5 0
69 35 5 0
70 40 5 0
71 45 5 0
72 50 5 0
73 55 5 0
74 60 5 0
75 65 5 0
76 70 5 0
77 75 5 0
78 80 5 0
79 85 5 0
80 90 5 0
81 95 5 0
82 100 5 0
83 105 5 0
84 110 5 0
85 115 5 0
86 120 5 0
87 125 5 0
88 130 5 0
89 135 5 0
90 140 5 0
91 145 5 0
92 150 5 0
93 155 5 0
94 160 5 0
95 165 5 0
96 170 5 0
97 175 5 0
98 180 5 0
99 185 5 0
100 190 5 0
101 195 5 0
102 200 5 0
103 205 5 0
104 210 5 0
105 215 5 0
106 220 5 0
107 225 5 0
108 230 5 0
109 235 5 0
110 240 5 0
111 245 5 0
112 250 5 0
113 255 5 0
114 260 5 0
115 265 5 0
116 270 5 0
117 275 5 0
118 280 5 0
119 285 5 0
120 290 5 0
121 295 5 0
122 300 5 0
123 0 10 0
124 5 10 0
125 10 10 0
126 15 10 0
127 20 10 0
128 25 10 0
129 30 10 0
130 35 10 0
131 40 10 0
132 45 10 0
133 50 10 0
134 55 10 0
135 60 10 0
136 65 10 0
137 70 10 0
138 75 10 0
139 80 10 0
140 85 10 0
141 90 10 0
142 95 10 0
143 100 10 0
144 105 10 0
145 110 10 0
146 115 10 0
147 120 10 0
148 125 10 0
149 130 10 0
150 135 10 0
151 140 10 0
152 145 10 0
153 150 10 0
154 155 10 0
155 160 10 0
156 165 10 0
157 170 10 0
158 175 10 0
159 180 10 0
160 185 10 0
161 190 10 0
162 195 10 0
163 200 10 0
164 205 10 0
165 210 10 0
166 215 10 0
167 220 10 0
168 225 10 0
169 230 10 0
170 235 10 0
171 240 10 0
172 245 10 0
173 250 10 0
174 255 10 0
175 260 10 0
176 265 10 0
177 270 10 0
178 275 10 0
179 280 10 0
180 285 10 0
181 290 10 0
182 295 10 0
183 300 10 0
184 0 15 0
185 5 15 0
186 10 15 0
187 15 15 0
188 20 15 0
189 25 15 0
190 30 15 0
191 35 15 0
192 40 15 0
193 45 15 0
194 50 15 0
195 55 15 0
196 60 15 0
197 65 15 0
198 70 15 0
199 75 15 0
200 80 15 0
201 85 15 0
202 90 15 0
203 95 15 0
204 100 15 0
205 105 15 0
206 110 15 0
207 115 15 0
208 120 15 0
209 125 15 0
210 130 15 0
211 135 15 0
212 140 15 0
213 145 15 0
214 150 15 0
215 155 15 0
216 160 15 0
217 165 15 0
218 170 15 0
219 175 15 0
220 180 15 0
221 185 15 0
222 190 15 0
223 195 15 0
224 200 15 0
225 205 15 0
226 210 15 0
227 215 15 0
228 220 15 0
229 225 15 0
230 230 15 0
231 235 15 0
232 240 15 0
233 245 15 0
234 250 15 0
235 255 15 0
236 260 15 0
237 265 15 0
238 270 15 0
239 275 15 0
240 280 15 0
241 285 15 0
242 290 15 0
243 295 15 0
244 300 15 0
245 0 20 0
246 5 20 0
247 10 20 0
248 15 20 0
249 20 20 0
250 25 20 0
251 30 20 0
252 35 20 0
253 40 20 0
254 45 20 0
255 50 20 0
256 55 20 0
257 60 20 0
258 65 20 0
259 70 20 0
260 75 20 0
261 80 20 0
262 85 20 0
263 90 20 0
264 95 20 0
265 100 20 0
266 105 20 0
267 110 20 0
268 115 20 0
269 120 20 0
270 125 20 0
271 130 20 0
272 135 20 0
273 140 20 0
274 145 20 0
275 150 20 0
276 155 20 0
277 160 20 0
278 165 20 0
279 170 20 0
280 175 20 0
281 180 20 0
282 185 20 0
283 190 20 0
284 195 20 0
285 200 20 0
286 205 20 0
287 210 20 0
288 215 20 0
289 220 20 0
290 225 20 0
291 230 20 0
292 235 20 0
293 240 20 0
294 245 20 0
295 250 20 0
296 255 20 0
297 260 20 0
298 265 20 0
299 270 20 0
300 275 20 0
301 280 20 0
302 285 20 0
303 290 20 0
304 295 20 0
305 300 20 0
306 0 25 0
307 5 25 0
308 10 25 0
309 15 25 0
310 20 25 0
311 25 25 0
312 30 25 0
313 35 25 0
314 40 25 0
315 45 25 0
316 50 25 0
317 55 25 0
318 60 25 0
319 65 25 0
320 70 25 0
321 75 25 0
322 80 25 0
323 85 25 0
324 90 25 0
325 95 25 0
326 100 25 0
327 105 25 0
328 110 25 0
329 115 25 0
330 120 25 0
331 125 25 0
332 130 25 0
333 135 25 0
334 140 25 0
335 145 25 0
336 150 25 0
337 155 25 0
338 160 25 0
339 165 25 0
340 170 25 0
341 175 25 0
342 180 25 0
343 185 25 0
344 190 25 0
345 195 25 0
346 200 25 0
347 205 25 0
348 210 25 0
349 215 25 0
350 220 25 0
351 225 25 0
352 230 25 0
353 235 25 0
354 240 25 0
355 245 25 0
356 250 25 0
357 255 25 0
358 260 25 0
359 265 25 0
360 270 25 0
361 275 25 0
362 280 25 0
363 285 25 0
364 290 25 0
365 295 25 0
366 300 25 0
367 0 30 0
368 5 30 0
369 10 30 0
370 15 30 0
371 20 30 0
372 25 30 0
373 30 30 0
374 35 30 0
375 40 30 0
376 45 30 0
377 50 30 0
378 55 30 0
379 60 30 0
380 65 30 0
381 70 30 0
382 75 30 0
383 80 30 0
384 85 30 0
385 90 30 0
386 95 30 0
387 100 30 0
388 105 30 0
389 110 30 0
390 115 30 0
391 120 30 0
392 125 30 0
393 130 30 0
394 135 30 0
395 140 30 0
396 145 30 0
397 150 30 0
398 155 30 0
399 160 30 0
400 165 30 0
401 170 30 0
402 175 30 0
403 180 30 0
404 185 30 0
405 190 30 0
406 195 30 0
407 200 30 0
408 205 30 0
409 210 30 0
410 215 30 0
411 220 30 0
412 225 30 0
413 230 30 0
414 235 30 0
415 240 30 0
416 245 30 0
417 250 30 0
418 255 30 0
419 260 30 0
420 265 30 0
421 270 30 0
422 275 30 0
423 280 30 0
424 285 30 0
425 290 30 0
426 295 30 0
427 300 30 0
428 0 35 0
429 5 35 0
430 10 35 0
431 15 35 0
432 20 35 0
433 25 35 0
434 30 35 0
435 35 35 0
436 40 35 0
437 45 35 0
438 50 35 0
439 55 35 0
440 60 35 0
441 65 35 0
442 70 35 0
443 75 35 0
444 80 35 0
445 85 35 0
446 90 35 0
447 95 35 0
448 100 35 0
449 105 35 0
450 110 35 0
451 115 35 0
452 120 35 0
453 125 35 0
454 130 35 0
455 135 35 0
456 140 35 0
457 145 35 0
458 150 35 0
459 155 35 0
460 160 35 0
461 165 35 0
462 170 35 0
463 175 35 0
464 180 35 0
465 185 35 0
466 190 35 0
467 195 35 0
468 200 35 0
469 205 35 0
470 210 35 0
471 215 35 0
472 220 35 0
473 225 35 0
474 230 35 0
475 235 35 0
476 240 35 0
477 245 35 0
478 250 35 0
479 255 35 0
480 260 35 0
481 265 35 0
482 270 35 0
483 275 35 0
484 280 35 0
485 285 35 0
486 290 35 0
487 295 35 0
488 300 35 0
489 0 40 0
490 5 40 0
491 10 40 0
492 15 40 0
493 20 40 0
494 25 40 0
495 30 40 0
496 35 40 0
497 40 40 0
498 45 40 0
499 50 40 0
500 55 40 0
501 60 40 0
502 65 40 0
503 70 40 0
504 75 40 0
505 80 40 0
506 85 40 0
507 90 40 0
508 95 40 0
509 100 40 0
510 105 40 0
511 110 40 0
512 115 40 0
513 120 40 0
514 125 40 0
515 130 40 0
516 135 40 0
517 140 40 0
518 145 40 0
519 150 40 0
520 155 40 0
521 160 40 0
522 165 40 0
523 170 40 0
524 175 40 0
525 180 40 0
526 185 40 0
527 190 40 0
528 195 40 0
529 200 40 0
530 205 40 0
531 210 40 0
532 215 40 0
533 220 40 0
534 225 40 0
535 230 40 0
536 235 40 0
537 240 40 0
538 245 40 0
539 250 40 0
540 255 40 0
541 260 40 0
542 265 40 0
543 270 40 0
544 275 40 0
545 280 40 0
546 285 40 0
547 290 40 0
548 295 40 0
549 300 40 0
550 0 45 0
551 5 45 0
552 10 45 0
553 15 45 0
554 20 45 0
555 25 45 0
556 30 45 0
557 35 45 0
558 40 45 0
559 45 45 0
560 50 45 0
561 55 45 0
562 60 45 0
563 65 45 0
564 70 45 0
565 75 45 0
566 80 45 0
567 85 45 0
568 90 45 0
569 95 45 0
570 100 45 0
571 105 45 0
572 110 45 0
573 115 45 0
574 120 45 0
575 125 45 0
576 130 45 0
577 135 45 0
578 140 45 0
579 145 45 0
580 150 45 0
581 155 45 0
582 160 45 0
583 165 45 0
584 170 45 0
585 175 45 0
586 180 45 0
587 185 45 0
588 190 45 0
589 195 45 0
590 200 45 0
591 205 45 0
592 210 45 0
593 215 45 0
594 220 45 0
595 225 45 0
596 230 45 0
597 235 45 0
598 240 45 0
599 245 45 0
600 250 45 0
601 255 45 0
602 260 45 0
603 265 45 0
604 270 45 0
605 275 45 0
606 280 45 0
607 285 45 0
608 290 45 0
609 295 45 0
610 300 45 0
611 0 50 0
612 5 50 0
613 10 50 0
614 15 50 0
615 20 50 0
616 25 50 0
617 30 50 0
618 35 50 0
619 40 50 0
620 45 50 0
621 50 50 0
622 55 50 0
623 60 50 0
624 65 50 0
625 70 50 0
626 75 50 0
627 80 50 0
628 85 50 0
629 90 50 0
630 95 50 0
631 100 50 0
632 105 50 0
633 110 50 0
634 115 50 0
635 120 50 0
636 125 50 0
637 130 50 0
638 135 50 0
639 140 50 0
640 145 50 0
641 150 50 0
642 155 50 0
643 160 50 0
644 165 50 0
645 170 50 0
646 175 50 0
647 180 50 0
648 185 50 0
649 190 50 0
650 195 50 0
651 200 50 0
652 205 50 0
653 210 50 0
654 215 50 0
655 220 50 0
656 225 50 0
657 230 50 0
658 235 50 0
659 240 50 0
660 245 50 0
661 250 50 0
662 255 50 0
663 260 50 0
664 265 50 0
665 270 50 0
666 275 50 0
667 280 50 0
668 285 50 0
669 290 50 0
670 295 50 0
671 300 50 0
672 0 55 0
673 5 55 0
674 10 55 0
675 15 55 0
676 20 55 0
677 25 55 0
678 30 55 0
679 35 55 0
680 40 55 0
681 45 55 0
682 50 55 0
683 55 55 0
684 60 55 0
685 65 55 0
686 70 55 0
687 75 55 0
688 80 55 0
689 85 55 0
690 90 55 0
691 95 55 0
692 100 55 0
693 105 55 0
694 110 55 0
695 115 55 0
696 120 55 0
697 125 55 0
698 130 55 0
699 135 55 0
700 140 55 0
701 145 55 0
702 150 55 0
703 155 55 0
704 160 55 0
705 165 55 0
706 170 55 0
707 175 55 0
708 180 55 0
709 185 55 0
710 190 55 0
711 195 55 0
712 200 55 0
713 205 55 0
714 210 55 0
715 215 55 0
716 220 55 0
717 225 55 0
718 230 55 0
719 235 55 0
720 240 55 0
721 245 55 0
722 250 55 0
723 255 55 0
724 260 55 0
725 265 55 0
726 270 55 0
727 275 55 0
728 280 55 0
729 285 55 0
730 290 55 0
731 295 55 0
732 300 55 0
733 0 60 0
734 5 60 0
735 10 60 0
736 15 60 0
737 20 60 0
738 25 60 0
739 30 60 0
740 35 60 0
741 40 60 0
742 45 60 0
743 50 60 0
744 55 60 0
745 60 60 0
746 65 60 0
747 70 60 0
748 75 60 0
749 80 60 0
750 85 60 0
751 90 60 0
752 95 60 0
753 100 60 0
754 105 60 0
755 110 60 0
756 115 60 0
757 120 60 0
758 125 60 0
759 130 60 0
760 135 60 0
761 140 60 0
762 145 60 0
763 150 60 0
764 155 60 0
765 160 60 0
766 165 60 0
767 170 60 0
768 175 60 0
769 180 60 0
770 185 60 0
771 190 60 0
772 195 60 0
773 200 60 0
774 205 60 0
775 210 60 0
776 215 60 0
777 220 60 0
778 225 60 0
779 230 60 0
780 235 60 0
781 240 60 0
782 245 60 0
783 250 60 0
784 255 60 0
785 260 60 0
786 265 60 0
787 270 60 0
788 275 60 0
789 280 60 0
790 285 60 0
791 290 60 0
792 295 60 0
793 300 60 0
794 0 65 0
795 5 65 0
796 10 65 0
797 15 65 0
798 20 65 0
799 25 65 0
800 30 65 0
801 35 65 0
802 40 65 0
803 45 65 0
804 50 65 0
805 55 65 0
806 60 65 0
807 65 65 0
808 70 65 0
809 75 65 0
810 80 65 0
811 85 65 0
812 90 65 0
813 95 65 0
814 100 65 0
815 105 65 0
816 110 65 0
817 115 65 0
818 120 65 0
819 125 65 0
820 130 65 0
821 135 65 0
822 140 65 0
823 145 65 0
824 150 65 0
825 155 65 0
826 160 65 0
827 165 65 0
828 170 65 0
829 175 65 0
830 180 65 0
831 185 65 0
832 190 65 0
833 195 65 0
834 200 65 0
835 205 65 0
836 210 65 0
837 215 65 0
838 220 65 0
839 225 65 0
840 230 65 0
841 235 65 0
842 240 65 0
843 245 65 0
844 250 65 0
845 255 65 0
846 260 65 0
847 265 65 0
848 270 65 0
849 275 65 0
850 280 65 0
851 285 65 0
852 290 65 0
853 295 65 0
854 300 65 0
855 0 70 0
856 5 70 0
857 10 70 0
858 15 70 0
859 20 70 0
860 25 70 0
861 30 70 0
862 35 70 0
863 40 70 0
864 45 70 0
865 50 70 0
866 55 70 0
867 60 70 0
868 65 70 0
869 70 70 0
870 75 70 0
871 80 70 0
872 85 70 0
873 90 70 0
874 95 70 0
875 100 70 0
876 105 70 0
877 110 70 0
878 115 70 0
879 120 70 0
880 125 70 0
881 130 70 0
882 135 70 0
883 140 70 0
884 145 70 0
885 150 70 0
886 155 70 0
887 160 70 0
888 165 70 0
889 170 70 0
890 175 70 0
891 180 70 0
892 185 70 0
893 190 70 0
894 195 70 0
895 200 70 0
896 205 70 0
897 210 70 0
898 215 70 0
899 220 70 0
900 225 70 0
901 230 70 0
902 235 70 0
903 240 70 0
904 245 70 0
905 250 70 0
906 255 70 0
907 260 70 0
908 265 70 0
909 270 70 0
910 275 70 0
911 280 70 0
912 285 70 0
913 290 70 0
914 295 70 0
915 300 70 0
916 0 75 0
917 5 75 0
918 10 75 0
919 15 75 0
920 20 75 0
921 25 75 0
922 30 75 0
923 35 75 0
924 40 75 0
925 45 75 0
926 50 75 0
927 55 75 0
928 60 75 0
929 65 75 0
930 70 75 0
931 75 75 0
932 80 75 0
933 85 75 0
934 90 75 0
935 95 75 0
936 100 75 0
937 105 75 0
938 110 75 0
939 115 75 0
940 120 75 0
941 125 75 0
942 130 75 0
943 135 75 0
944 140 75 0
945 145 75 0
946 150 75 0
947 155 75 0
948 160 75 0
949 165 75 0
950 170 75 0
951 175 75 0
952 180 75 0
953 185 75 0
954 190 75 0
955 195 75 0
956 200 75 0
957 205 75 0
958 210 75 0
959 215 75 0
960 220 75 0
961 225 75 0
962 230 75 0
963 235 75 0
964 240 75 0
965 245 75 0
966 250 75 0
967 255 75 0
968 260 75 0
969 265 75 0
970 270 75 0
971 275 75 0
972 280 75 0
973 285 75 0
974 290 75 0
975 295 75 0
976 300 75 0
977 0 80 0
978 5 80 0
979 10 80 0
980 15 80 0
981 20 80 0
982 25 80 0
983 30 80 0
984 35 80 0
985 40 80 0
986 45 80 0
987 50 80 0
988 55 80 0
989 60 80 0
990 65 80 0
991 70 80 0
992 75 80 0
993 80 80 0
994 85 80 0
995 90 80 0
996 95 80 0
997 100 80 0
998 105 80 0
999 110 80 0
1000 115 80 0
1001 120 80 0
1002 125 80 0
1003 130 80 0
1004 135 80 0
1005 140 80 0
1006 145 80 0
1007 150 80 0
1008 155 80 0
1009 160 80 0
1010 165 80 0
1011 170 80 0
1012 175 80 0
1013 180 80 0
1014 185 80 0
1015 190 80 0
1016 195 80 0
1017 200 80 0
1018 205 80 0
1019 210 80 0
1020 215 80 0
1021 220 80 0
1022 225 80 0
1023 230 80 0
1024 235 80 0
1025 240 80 0
1026 245 80 0
1027 250 80 0
1028 255 80 0
1029 260 80 0
1030 265 80 0
1031 270 80 0
1032 275 80 0
1033 280 80 0
1034 285 80 0
1035 290 80 0
1036 295 80 0
1037 300 80 0
1038 0 85 0
1039 5 85 0
1040 10 85 0
1041 15 85 0
1042 20 85 0
1043 25 85 0
1044 30 85 0
1045 35 85 0
1046 40 85 0
1047 45 85 0
1048 50 85 0
1049 55 85 0
1050 60 85 0
1051 65 85 0
1052 70 85 0
1053 75 85 0
1054 80 85 0
1055 85 85 0
1056 90 85 0
1057 95 85 0
1058 100 85 0
1059 105 85 0
1060 110 85 0
1061 115 85 0
1062 120 85 0
1063 125 85 0
1064 130 85 0
1065 135 85 0
1066 140 85 0
1067 145 85 0
1068 150 85 0
1069 155 85 0
1070 160 85 0
1071 165 85 0
1072 170 85 0
1073 175 85 0
1074 180 85 0
1075 185 85 0
1076 190 85 0
1077 195 85 0
1078 200 85 0
1079 205 85 0
1080 210 85 0
1081 215 85 0
1082 220 85 0
1083 225 85 0
1084 230 85 0
1085 235 85 0
1086 240 85 0
1087 245 85 0
1088 250 85 0
1089 255 85 0
1090 260 85 0
1091 265 85 0
1092 270 85 0
1093 275 85 0
1094 280 85 0
1095 285 85 0
1096 290 85 0
1097 295 85 0
1098 300 85 0
1099 0 90 0
1100 5 90 0
1101 10 90 0
1102 15 90 0
1103 20 90 0
1104 25 90 0
1105 30 90 0
1106 35 90 0
1107 40 90 0
1108 45 90 0
1109 50 90 0
1110 55 90 0
1111 60 90 0
1112 65 90 0
1113 70 90 0
1114 75 90 0
1115 80 90 0
1116 85 90 0
1117 90 90 0
1118 95 90 0
1119 100 90 0
1120 105 90 0
1121 110 90 0
1122 115 90 0
1123 120 90 0
1124 125 90 0
1125 130 90 0
1126 135 90 0
1127 140 90 0
1128 145 90 0
1129 150 90 0
1130 155 90 0
1131 160 90 0
1132 165 90 0
1133 170 90 0
1134 175 90 0
1135 180 90 0
1136 185 90 0
1137 190 90 0
1138 195 90 0
1139 200 90 0
1140 205 90 0
1141 210 90 0
1142 215 90 0
1143 220 90 0
1144 225 90 0
1145 230 90 0
1146 235 90 0
1147 240 90 0
1148 245 90 0
1149 250 90 0
1150 255 90 0
1151 260 90 0
1152 265 90 0
1153 270 90 0
1154 275 90 0
1155 280 90 0
1156 285 90 0
1157 290 90 0
1158 295 90 0
1159 300 90 0
1160 0 95 0
1161 5 95 0
1162 10 95 0
1163 15 95 0
1164 20 95 0
1165 25 95 0
1166 30 95 0
1167 35 95 0
1168 40 95 0
1169 45 95 0
1170 50 95 0
1171 55 95 0
1172 60 95 0
1173 65 95 0
1174 70 95 0
1175 75 95 0
1176 80 95 0
1177 85 95 0
1178 90 95 0
1179 95 95 0
1180 100 95 0
1181 105 95 0
1182 110 95 0
1183 115 95 0
1184 120 95 0
1185 125 95 0
1186 130 95 0
1187 135 95 0
1188 140 95 0
1189 145 95 0
1190 150 95 0
1191 155 95 0
1192 160 95 0
1193 165 95 0
1194 170 95 0
1195 175 95 0
1196 180 95 0
1197 185 95 0
1198 190 95 0
1199 195 95 0
1200 200 95 0
1201 205 95 0
1202 210 95 0
1203 215 95 0
1204 220 95 0
1205 225 95 0
1206 230 95 0
1207 235 95 0
1208 240 95 0
1209 245 95 0
1210 250 95 0
1211 255 95 0
1212 260 95 0
1213 265 95 0
1214 270 95 0
1215 275 95 0
1216 280 95 0
1217 285 95 0
1218 290 95 0
1219 295 95 0
1220 300 95 0
1221 0 100 0
1222 5 100 0
1223 10 100 0
1224 15 100 0
1225 20 100 0
1226 25 100 0
1227 30 100 0
1228 35 100 0
1229 40 100 0
1230 45 100 0
1231 50 100 0
1232 55 100 0
1233 60 100 0
1234 65 100 0
1235 70 100 0
1236 75 100 0
1237 80 100 0
1238 85 100 0
1239 90 100 0
1240 95 100 0
1241 100 100 0
1242 105 100 0
1243 110 100 0
1244 115 100 0
1245 120 100 0
1246 125 100 0
1247 130 100 0
1248 135 100 0
1249 140 100 0
1250 145 100 0
1251 150 100 0
1252 155 100 0
1253 160 100 0
1254 165 100 0
1255 170 100 0
1256 175 100 0
1257 180 100 0
1258 185 100 0
1259 190 100 0
1260 195 100 0
1261 200 100 0
1262 205 100 0
1263 210 100 0
1264 215 100 0
1265 220 100 0
1266 225 100 0
1267 230 100 0
1268 235 100 0
1269 240 100 0
1270 245 100 0
1271 250 100 0
1272 255 100 0
1273 260 100 0
1274 265 100 0
1275 270 100 0
1276 275 100 0
1277 280 100 0
1278 285 100 0
1279 290 100 0
1280 295 100 0
1281 300 100 0
1282 0 105 0
1283 5 105 0
1284 10 105 0
1285 15 105 0
1286 20 105 0
1287 25 105 0
1288 30 105 0
1289 35 105 0
1290 40 105 0
1291 45 105 0
1292 50 105 0
1293 55 105 0
1294 60 105 0
1295 65 105 0
1296 70 105 0
1297 75 105 0
1298 80 105 0
1299 85 105 0
1300 90 105 0
1301 95 105 0
1302 100 105 0
1303 105 105 0
1304 110 105 0
1305 115 105 0
1306 120 105 0
1307 125 105 0
1308 130 105 0
1309 135 105 0
1310 140 105 0
1311 145 105 0
1312 150 105 0
1313 155 105 0
1314 160 105 0
1315 165 105 0
1316 170 105 0
1317 175 105 0
1318 180 105 0
1319 185 105 0
1320 190 105 0
1321 195 105 0
1322 200 105 0
1323 205 105 0
1324 210 105 0
1325 215 105 0
1326 220 105 0
1327 225 105 0
1328 230 105 0
1329 235 105 0
1330 240 105 0
1331 245 105 0
1332 250 105 0
1333 255 105 0
1334 260 105 0
1335 265 105 0
1336 270 105 0
1337 275 105 0
1338 280 105 0
1339 285 105 0
1340 290 105 0
1341 295 105 0
1342 300 105 0
1343 0 110 0
1344 5 110 0
1345 10 110 0
1346 15 110 0
1347 20 110 0
1348 25 110 0
1349 30 110 0
1350 35 110 0
1351 40 110 0
1352 45 110 0
1353 50 110 0
1354 55 110 0
1355 60 110 0
1356 65 110 0
1357 70 110 0
1358 75 110 0
1359 80 110 0
1360 85 110 0
1361 90 110 0
1362 95 110 0
1363 100 110 0
1364 105 110 0
1365 110 110 0
1366 115 110 0
1367 120 110 0
1368 125 110 0
1369 130 110 0
1370 135 110 0
1371 140 110 0
1372 145 110 0
1373 150 110 0
1374 155 110 0
1375 160 110 0
1376 165 110 0
1377 170 110 0
1378 175 110 0
1379 180 110 0
1380 185 110 0
1381 190 110 0
1382 195 110 0
1383 200 110 0
1384 205 110 0
1385 210 110 0
1386 215 110 0
1387 220 110 0
1388 225 110 0
1389 230 110 0
1390 235 110 0
1391 240 110 0
1392 245 110 0
1393 250 110 0
1394 255 110 0
1395 260 110 0
1396 265 110 0
1397 270 110 0
1398 275 110 0
1399 280 110 0
1400 285 110 0
1401 290 110 0
1402 295 110 0
1403 300 110 0
1404 0 115 0
1405 5 115 0
1406 10 115 0
1407 15 115 0
1408 20 115 0
1409 25 115 0
1410 30 115 0
1411 35 115 0
1412 40 115 0
1413 45 115 0
1414 50 115 0
1415 55 115 0
1416 60 115 0
1417 65 115 0
1418 70 115 0
1419 75 115 0
1420 80 115 0
1421 85 115 0
1422 90 115 0
1423 95 115 0
1424 100 115 0
1425 105 115 0
1426 110 115 0
1427 115 115 0
1428 120 115 0
1429 125 115 0
1430 130 115 0
1431 135 115 0
1432 140 115 0
1433 145 115 0
1434 150 115 0
1435 155 115 0
1436 160 115 0
1437 165 115 0
1438 170 115 0
1439 175 115 0
1440 180 115 0
1441 185 115 0
1442 190 115 0
1443 195 115 0
1444 200 115 0
1445 205 115 0
1446 210 115 0
1447 215 115 0
1448 220 115 0
1449 225 115 0
1450 230 115 0
1451 235 115 0
1452 240 115 0
1453 245 115 0
1454 250 115 0
1455 255 115 0
1456 260 115 0
1457 265 115 0
1458 270 115 0
1459 275 115 0
1460 280 115 0
1461 285 115 0
1462 290 115 0
1463 295 115 0
1464 300 115 0
1465 0 120 0
1466 5 120 0
1467 10 120 0
1468 15 120 0
1469 20 120 0
1470 25 120 0
1471 30 120 0
1472 35 120 0
1473 40 120 0
1474 45 120 0
1475 50 120 0
1476 55 120 0
1477 60 120 0
1478 65 120 0
1479 70 120 0
1480 75 120 0
1481 80 120 0
1482 85 120 0
1483 90 120 0
1484 95 120 0
1485 100 120 0
1486 105 120 0
1487 110 120 0
1488 115 120 0
1489 120 120 0
1490 125 120 0
1491 130 120 0
1492 135 120 0
1493 140 120 0
1494 145 120 0
1495 150 120 0
1496 155 120 0
1497 160 120 0
1498 165 120 0
1499 170 120 0
1500 175 120 0
1501 180 120 0
1502 185 120 0
1503 190 120 0
1504 195 120 0
1505 200 120 0
1506 205 120 0
1507 210 120 0
1508 215 120 0
1509 220 120 0
1510 225 120 0
1511 230 120 0
1512 235 120 0
1513 240 120 0
1514 245 120 0
1515 250 120 0
1516 255 120 0
1517 260 120 0
1518 265 120 0
1519 270 120 0
1520 275 120 0
1521 280 120 0
1522 285 120 0
1523 290 120 0
1524 295 120 0
1525 300 120 0
1526 0 125 0
1527 5 125 0
1528 10 125 0
1529 15 125 0
1530 20 125 0
1531 25 125 0
1532 30 125 0
1533 35 125 0
1534 40 125 0
1535 45 125 0
1536 50 125 0
1537 55 125 0
1538 60 125 0
1539 65 125 0
1540 70 125 0
1541 75 125 0
1542 80 125 0
1543 85 125 0
1544 90 125 0
1545 95 125 0
1546 100 125 0
1547 105 125 0
1548 110 125 0
1549 115 125 0
1550 120 125 0
1551 125 125 0
1552 130 125 0
1553 135 125 0
1554 140 125 0
1555 145 125 0
1556 150 125 0
1557 155 125 0
1558 160 125 0
1559 165 125 0
1560 170 125 0
1561 175 125 0
1562 180 125 0
1563 185 125 0
1564 190 125 0
1565 195 125 0
1566 200 125 0
1567 205 125 0
1568 210 125 0
1569 215 125 0
1570 220 125 0
1571 225 125 0
1572 230 125 0
1573 235 125 0
1574 240 125 0
1575 245 125 0
1576 250 125 0
1577 255 125 0
1578 260 125 0
1579 265 125 0
1580 270 125 0
1581 275 125 0
1582 280 125 0
1583 285 125 0
1584 290 125 0
1585 295 125 0
1586 300 125 0
1587 0 130 0
1588 5 130 0
1589 10 130 0
1590 15 130 0
1591 20 130 0
1592 25 130 0
1593 30 130 0
1594 35 130 0
1595 40 130 0
1596 45 130 0
1597 50 130 0
1598 55 130 0
1599 60 130 0
1600 65 130 0
1601 70 130 0
1602 75 130 0
1603 80 130 0
1604 85 130 0
1605 90 130 0
1606 95 130 0
1607 100 130 0
1608 105 130 0
1609 110 130 0
1610 115 130 0
1611 120 130 0
1612 125 130 0
1613 130 130 0
1614 135 130 0
1615 140 130 0
1616 145 130 0
1617 150 130 0
1618 155 130 0
1619 160 130 0
1620 165 130 0
1621 170 130 0
1622 175 130 0
1623 180 130 0
1624 185 130 0
1625 190 130 0
1626 195 130 0
1627 200 130 0
1628 205 130 0
1629 210 130 0
1630 215 130 0
1631 220 130 0
1632 225 130 0
1633 230 130 0
1634 235 130 0
1635 240 130 0
1636 245 130 0
1637 250 130 0
1638 255 130 0
1639 260 130 0
1640 265 130 0
1641 270 130 0
1642 275 130 0
1643 280 130 0
1644 285 130 0
1645 290 130 0
1646 295 130 0
1647 300 130 0
1648 0 135 0
1649 5 135 0
1650 10 135 0
1651 15 135 0
1652 20 135 0
1653 25 135 0
1654 30 135 0
1655 35 135 0
1656 40 135 0
1657 45 135 0
1658 50 135 0
1659 55 135 0
1660 60 135 0
1661 65 135 0
1662 70 135 0
1663 75 135 0
1664 80 135 0
1665 85 135 0
1666 90 135 0
1667 95 135 0
1668 100 135 0
1669 105 135 0
1670 110 135 0
1671 115 135 0
1672 120 135 0
1673 125 135 0
1674 130 135 0
1675 135 135 0
1676 140 135 0
1677 145 135 0
1678 150 135 0
1679 155 135 0
1680 160 135 0
1681 165 135 0
1682 170 135 0
1683 175 135 0
1684 180 135 0
1685 185 135 0
1686 190 135 0
1687 195 135 0
1688 200 135 0
1689 205 135 0
1690 210 135 0
1691 215 135 0
1692 220 135 0
1693 225 135 0
1694 230 135 0
1695 235 135 0
1696 240 135 0
1697 245 135 0
1698 250 135 0
1699 255 135 0
1700 260 135 0
1701 265 135 0
1702 270 135 0
1703 275 135 0
1704 280 135 0
1705 285 135 0
1706 290 135 0
1707 295 135 0
1708 300 135 0
1709 0 140 0
1710 5 140 0
1711 10 140 0
1712 15 140 0
1713 20 140 0
1714 25 140 0
1715 30 140 0
1716 35 140 0
1717 40 140 0
1718 45 140 0
1719 50 140 0
1720 55 140 0
1721 60 140 0
1722 65 140 0
1723 70 140 0
1724 75 140 0
1725 80 140 0
1726 85 140 0
1727 90 140 0
1728 95 140 0
1729 100 140 0
1730 105 140 0
1731 110 140 0
1732 115 140 0
1733 120 140 0
1734 125 140 0
1735 130 140 0
1736 135 140 0
1737 140 140 0
1738 145 140 0
1739 150 140 0
1740 155 140 0
1741 160 140 0
1742 165 140 0
1743 170 140 0
1744 175 140 0
1745 180 140 0
1746 185 140 0
1747 190 140 0
1748 195 140 0
1749 200 140 0
1750 205 140 0
1751 210 140 0
1752 215 140 0
1753 220 140 0
1754 225 140 0
1755 230 140 0
1756 235 140 0
1757 240 140 0
1758 245 140 0
1759 250 140 0
1760 255 140 0
1761 260 140 0
1762 265 140 0
1763 270 140 0
1764 275 140 0
1765 280 140 0
1766 285 140 0
1767 290 140 0
1768 295 140 0
1769 300 140 0
1770 0 145 0
1771 5 145 0
1772 10 145 0
1773 15 145 0
1774 20 145 0
1775 25 145 0
1776 30 145 0
1777 35 145 0
1778 40 145 0
1779 45 145 0
1780 50 145 0
1781 55 145 0
1782 60 145 0
1783 65 145 0
1784 70 145 0
1785 75 145 0
1786 80 145 0
1787 85 145 0
1788 90 145 0
1789 95 145 0
1790 100 145 0
1791 105 145 0
1792 110 145 0
1793 115 145 0
1794 120 145 0
1795 125 145 0
1796 130 145 0
1797 135 145 0
1798 140 145 0
1799 145 145 0
1800 150 145 0
1801 155 145 0
1802 160 145 0
1803 165 145 0
1804 170 145 0
1805 175 145 0
1806 180 145 0
1807 185 145 0
1808 190 145 0
1809 195 145 0
1810 200 145 0
1811 205 145 0
1812 210 145 0
1813 215 145 0
1814 220 145 0
1815 225 145 0
1816 230 145 0
1817 235 145 0
1818 240 145 0
1819 245 145 0
1820 250 145 0
1821 255 145 0
1822 260 145 0
1823 265 145 0
1824 270 145 0
1825 275 145 0
1826 280 145 0
1827 285 145 0
1828 290 145 0
1829 295 145 0
1830 300 145 0
1831 0 150 0
1832 5 150 0
1833 10 150 0
1834 15 150 0
1835 20 150 0
1836 25 150 0
1837 30 150 0
1838 35 150 0
1839 40 150 0
1840 45 150 0
1841 50 150 0
1842 55 150 0
1843 60 150 0
1844 65 150 0
1845 70 150 0
1846 75 150 0
1847 80 150 0
1848 85 150 0
1849 90 150 0
1850 95 150 0
1851 100 150 0
1852 105 150 0
1853 110 150 0
1854 115 150 0
1855 120 150 0
1856 125 150 0
1857 130 150 0
1858 135 150 0
1859 140 150 0
1860 145 150 0
1861 150 150 0
1862 155 150 0
1863 160 150 0
1864 165 150 0
1865 170 150 0
1866 175 150 0
1867 180 150 0
1868 185 150 0
1869 190 150 0
1870 195 150 0
1871 200 150 0
1872 205 150 0
1873 210 150 0
1874 215 150 0
1875 220 150 0
1876 225 150 0
1877 230 150 0
1878 235 150 0
1879 240 150 0
1880 245 150 0
1881 250 150 0
1882 255 150 0
1883 260 150 0
1884 265 150 0
1885 270 150 0
1886 275 150 0
1887 280 150 0
1888 285 150 0
1889 290 150 0
1890 295 150 0
1891 300 150 0
$EndNodes
$Elements
3780
1 1 2 7 7 1 62
2 1 2 7 7 62 123
3 1 2 7 7 123 184
4 1 2 7 7 184 245
5 1 2 7 7 245 306
6 1 2 7 7 306 367
7 1 2 7 7 367 428
8 1 2 7 7 428 489
9 1 2 7 7 489 550
10 1 2 7 7 550 611
11 1 2 7 7 611 672
12 1 2 7 7 672 733
13 1 2 7 7 733 794
14 1 2 7 7 794 855
15 1 2 7 7 855 916
16 1 2 7 7 916 977
17 1 2 7 7 977 1038
18 1 2 7 7 1038 1099
19 1 2 7 7 1099 1160
20 1 2 7 7 1160 1221
21 1 2 7 7 1221 1282
22 1 2 7 7 1282 1343
23 1 2 7 7 1343 1404
24 1 2 7 7 1404 1465
25 1 2 7 7 1465 1526
26 1 2 7 7 1526 1587
27 1 2 7 7 1587 1648
28 1 2 7 7 1648 1709
29 1 2 7 7 1709 1770
30 1 2 7 7 1770 1831
31 1 2 8 8 61 122
32 1 2 8 8 122 183
33 1 2 8 8 183 244
34 1 2 8 8 244 305
35 1 2 8 8 305 366
36 1 2 8 8 366 427
37 1 2 8 8 427 488
38 1 2 8 8 488 549
39 1 2 8 8 549 610
40 1 2 8 8 610 671
41 1 2 8 8 671 732
42 1 2 8 8 732 793
43 1 2 8 8 793 854
44 1 2 8 8 854 915
45 1 2 8 8 915 976
46 1 2 8 8 976 1037
47 1 2 8 8 1037 1098
48 1 2 8 8 1098 1159
49 1 2 8 8 1159 1220
50 1 2 8 8 1220 1281
51 1 2 8 8 1281 1342
52 1 2 8 8 1342 1403
53 1 2 8 8 1403 1464
54 1 2 8 8 1464 1525
55 1 2 8 8 1525 1586
56 1 2 8 8 1586 1647
57 1 2 8 8 1647 1708
58 1 2 8 8 1708 1769
59 1 2 8 8 1769 1830
60 1 2 8 8 1830 1891
61 1 2 9 9 1 2
62 1 2 9 9 2 3
63 1 2 9 9 3 4
64 1 2 9 9 4 5
65 1 2 9 9 5 6
66 1 2 9 9 6 7
67 1 2 9 9 7 8
68 1 2 9 9 8 9
69 1 2 9 9 9 10
70 1 2 9 9 10 11
71 1 2 9 9 11 12
72 1 2 9 9 12 13
73 1 2 9 9 13 14
74 1 2 9 9 14 15
75 1 2 9 9 15 16
76 1 2 9 9 16 17
77 1 2 9 9 17 18
78 1 2 9 9 18 19
79 1 2 9 9 19 20
80 1 2 9 9 20 21
81 1 2 9 9 21 22
82 1 2 9 9 22 23
83 1 2 9 9 23 24
84 1 2 9 9 24 25
85 1 2 9 9 25 26
86 1 2 9 9 26 27
87 1 2 9 9 27 28
88 1 2 9 9 28 29
89 1 2 9 9 29 30
90 1 2 9 9 30 31
91 1 2 9 9 31 32
92 1 2 9 9 32 33
93 1 2 9 9 33 34
94 1 2 9 9 34 35
95 1 2 9 9 35 36
96 1 2 9 9 36 37
97 1 2 9 9 37 38
98 1 2 9 9 38 39
99 1 2 9 9 39 40
100 1 2 9 9 40 41
101 1 2 9 9 41 42
102 1 2 9 9 42 43
103 1 2 9 9 43 44
104 1 2 9 9 44 45
105 1 2 9 9 45 46
106 1 2 9 9 46 47
107 1 2 9 9 47 48
108 1 2 9 9 48 49
109 1 2 9 9 49 50
110 1 2 9 9 50 51
111 1 2 9 9 51 52
112 1 2 9 9 52 53
113 1 2 9 9 53 54
114 1 2 9 9 54 55
115 1 2 9 9 55 56
116 1 2 9 9 56 57
117 1 2 9 9 57 58
118 1 2 9 9 58 59
119 1 2 9 9 59 60
120 1 2 9 9 60 61
121 1 2 10 10 1831 1832
122 1 2 10 10 1832 1833
123 1 2 10 10 1833 1834
124 1 2 10 10 1834 1835
125 1 2 10 10 1835 1836
126 1 2 10 10 1836 1837
127 1 2 10 10 1837 1838
128 1 2 10 10 1838 1839
129 1 2 10 10 1839 1840
130 1 2 10 10 1840 1841
131 1 2 10 10 1841 1842
132 1 2 10 10 1842 1843
133 1 2 10 10 1843 1844
134 1 2 10 10 1844 1845
135 1 2 10 10 1845 1846
136 1 2 10 10 1846 1847
137 1 2 10 10 1847 1848
138 1 2 10 10 1848 1849
139 1 2 10 10 1849 1850
140 1 2 10 10 1850 1851
141 1 2 10 10 1851 1852
142 1 2 10 10 1852 1853
143 1 2 10 10 1853 1854
144 1 2 10 10 1854 1855
145 1 2 10 10 1855 1856
146 1 2 10 10 1856 1857
147 1 2 10 10 1857 1858
148 1 2 10 10 1858 1859
149 1 2 10 10 1859 1860
150 1 2 10 10 1860 1861
151 1 2 10 10 1861 1862
152 1 2 10 10 1862 1863
153 1 2 10 10 1863 1864
154 1 2 10 10 1864 1865
155 1 2 10 10 1865 1866
156 1 2 10 10 1866 1867
157 1 2 10 10 1867 1868
158 1 2 10 10 1868 1869
159 1 2 10 10 1869 1870
160 1 2 10 10 1870 1871
161 1 2 10 10 1871 1872
162 1 2 10 10 1872 1873
163 1 2 10 10 1873 1874
164 1 2 10 10 1874 1875
165 1 2 10 10 1875 1876
166 1 2 10 10 1876 1877
167 1 2 10 10 1877 1878
168 1 2 10 10 1878 1879
169 1 2 10 10 1879 1880
170 1 2 10 10 1880 1881
171 1 2 10 10 1881 1882
172 1 2 10 10 1882 1883
173 1 2 10 10 1883 1884
174 1 2 10 10 1884 1885
175 1 2 10 10 1885 1886
176 1 2 10 10 1886 1887
177 1 2 10 10 1887 1888
178 1 2 10 10 1888 1889
179 1 2 10 10 1889 1890
180 1 2 10 10 1890 1891
181 2 2 11 11 1 2 63
182 2 2 11 11 1 63 62
183 2 2 11 11 2 3 64
184 2 2 11 11 2 64 63
185 2 2 11 11 3 4 65
186 2 2 11 11 3 65 64
187 2 2 11 11 4 5 66
188 2 2 11 11 4 66 65
189 2 2 11 11 5 6 67
190 2 2 11 11 5 67 66
191 2 2 11 11 6 7 68
192 2 2 11 11 6 68 67
193 2 2 11 11 7 8 69
194 2 2 11 11 7 69 68
195 2 2 11 11 8 9 70
196 2 2 11 11 8 70 69
197 2 2 11 11 9 10 71
198 2 2 11 11 9 71 70
199 2 2 11 11 10 11 72
200 2 2 11 11 10 72 71
201 2 2 11 11 11 12 73
202 2 2 11 11 11 73 72
203 2 2 11 11 12 13 74
204 2 2 11 11 12 74 73
205 2 2 11 11 13 14 75
206 2 2 11 11 13 75 74
207 2 2 11 11 14 15 76
208 2 2 11 11 14 76 75
209 2 2 11 11 15 16 77
210 2 2 11 11 15 77 76
211 2 2 11 11 16 17 78
212 2 2 11 11 16 78 77
213 2 2 11 11 17 18 79
214 2 2 11 11 17 79 78
215 2 2 11 11 18 19 80
216 2 2 11 11 18 80 79
217 2 2 11 11 19 20 81
218 2 2 11 11 19 81 80
219 2 2 11 11 20 21 82
220 2 2 11 11 20 82 81
221 2 2 11 11 21 22 83
222 2 2 11 11 21 83 82
223 2 2 11 11 22 23 84
224 2 2 11 11 22 84 83
225 2 2 11 11 23 24 85
226 2 2 11 11 23 85 84
227 2 2 11 11 24 25 86
228 2 2 11 11 24 86 85
229 2 2 11 11 25 26 87
230 2 2 11 11 25 87 86
231 2 2 11 11 26 27 88
232 2 2 11 11 26 88 87
233 2 2 11 11 27 28 89
234 2 2 11 11 27 89 88
235 2 2 11 11 28 29 90
236 2 2 11 11 28 90 89
237 2 2 11 11 29 30 91
238 2 2 11 11 29 91 90
239 2 2 11 11 30 31 92
240 2 2 11 11 30 92 91
241 2 2 11 11 31 32 93
242 2 2 11 11 31 93 92
243 2 2 11 11 32 33 94
244 2 2 11 11 32 94 93
245 2 2 11 11 33 34 95
246 2 2 11 11 33 95 94
247 2 2 11 11 34 35 96
248 2 2 11 11 34 96 95
249 2 2 11 11 35 36 97
250 2 2 11 11 35 97 96
251 2 2 11 11 36 37 98
252 2 2 11 11 36 98 97
253 2 2 11 11 37 38 99
254 2 2 11 11 37 99 98
255 2 2 11 11 38 39 100
256 2 2 11 11 38 100 99
257 2 2 11 11 39 40 101
258 2 2 11 11 39 101 100
259 2 2 11 11 40 41 102
260 2 2 11 11 40 102 101
261 2 2 11 11 41 42 103
262 2 2 11 11 41 103 102
263 2 2 11 11 42 43 104
264 2 2 11 11 42 104 103
265 2 2 11 11 43 44 105
266 2 2 11 11 43 105 104
267 2 2 11 11 44 45 106
268 2 2 11 11 44 106 105
269 2 2 11 11 45 46 107
270 2 2 11 11 45 107 106
271 2 2 11 11 46 47 108
272 2 2 11 11 46 108 107
273 2 2 11 11 47 48 109
274 2 2 11 11 47 109 108
275 2 2 11 11 48 49 110
276 2 2 11 11 48 110 109
277 2 2 11 11 49 50 111
278 2 2 11 11 49 111 110
279 2 2 11 11 50 51 112
280 2 2 11 11 50 112 111
281 2 2 11 11 51 52 113
282 2 2 11 11 51 113 112
283 2 2 11 11 52 53 114
284 2 2 11 11 52 114 113
285 2 2 11 11 53 54 115
286 2 2 11 11 53 115 114
287 2 2 11 11 54 55 116
288 2 2 11 11 54 116 115
289 2 2 11 11 55 56 117
290 2 2 11 11 55 117 116
291 2 2 11 11 56 57 118
292 2 2 11 11 56 118 117
293 2 2 11 11 57 58 119
294 2 2 11 11 57 119 118
295 2 2 11 11 58 59 120
296 2 2 11 11 58 120 119
297 2 2 11 11 59 60 121
298 2 2 11 11 59 121 120
299 2 2 11 11 60 61 122
300 2 2 11 11 60 122 121
301 2 2 11 11 62 63 124
302 2 2 11 11 62 124 123
303 2 2 11 11 63 64 125
304 2 2 11 11 63 125 124
305 2 2 11 11 64 65 126
306 2 2 11 11 64 126 125
307 2 2 11 11 65 66 127
308 2 2 11 11 65 127 126
309 2 2 11 11 66 67 128
310 2 2 11 11 66 128 127
311 2 2 11 11 67 68 129
312 2 2 11 11 67 129 128
313 2 2 11 11 68 69 130
314 2 2 11 11 68 130 129
315 2 2 11 11 69 70 131
316 2 2 11 11 69 131 130
317 2 2 11 11 70 71 132
318 2 2 11 11 70 132 131
319 2 2 11 11 71 72 133
320 2 2 11 11 71 133 132
321 2 2 11 11 72 73 134
322 2 2 11 11 72 134 133
323 2 2 11 11 73 74 135
324 2 2 11 11 73 135 134
325 2 2 11 11 74 75 136
326 2 2 11 11 74 136 135
327 2 2 11 11 75 76 137
328 2 2 11 11 75 137 136
329 2 2 11 11 76 77 138
330 2 2 11 11 76 138 137
331 2 2 11 11 77 78 139
332 2 2 11 11 77 139 138
333 2 2 11 11 78 79 140
334 2 2 11 11 78 140 139
335 2 2 11 11 79 80 141
336 2 2 11 11 79 141 140
337 2 2 11 11 80 81 142
338 2 2 11 11 80 142 141
339 2 2 11 11 81 82 143
340 2 2 11 11 81 143 142
341 2 2 11 11 82 83 144
342 2 2 11 11 82 144 143
343 2 2 11 11 83 84 145
344 2 2 11 11 83 145 144
345 2 2 11 11 84 85 146
346 2 2 11 11 84 146 145
347 2 2 11 11 85 86 147
348 2 2 11 11 85 147 146
349 2 2 11 11 86 87 148
350 2 2 11 11 86 148 147
351 2 2 11 11 87 88 149
352 2 2 11 11 87 149 148
353 2 2 11 11 88 89 150
354 2 2 11 11 88 150 149
355 2 2 11 11 89 90 151
356 2 2 11 11 89 151 150
357 2 2 11 11 90 91 152
358 2 2 11 11 90 152 151
359 2 2 11 11 91 92 153
360 2 2 11 11 91 153 152
361 2 2 11 11 92 93 154
362 2 2 11 11 92 154 153
363 2 2 11 11 93 94 155
364 2 2 11 11 93 155 154
365 2 2 11 11 94 95 156
366 2 2 11 11 94 156 155
367 2 2 11 11 95 96 157
368 2 2 11 11 95 157 156
369 2 2 11 11 96 97 158
370 2 2 11 11 96 158 157
371 2 2 11 11 97 98 159
372 2 2 11 11 97 159 158
373 2 2 11 11 98 99 160
374 2 2 11 11 98 160 159
375 2 2 11 11 99 100 161
376 2 2 11 11 99 161 160
377 2 2 11 11 100 101 162
378 2 2 11 11 100 162 161
379 2 2 11 11 101 102 163
380 2 2 11 11 101 163 162
381 2 2 11 11 102 103 164
382 2 2 11 11 102 164 163
383 2 2 11 11 103 104 165
384 2 2 11 11 103 165 164
385 2 2 11 11 104 105 166
386 2 2 11 11 104 166 165
387 2 2 11 11 105 106 167
388 2 2 11 11 105 167 166
389 2 2 11 11 106 107 168
390 2 2 11 11 106 168 167
391 2 2 11 11 107 108 169
392 2 2 11 11 107 169 168
393 2 2 11 11 108 109 170
394 2 2 11 11 108 170 169
395 2 2 11 11 109 110 171
396 2 2 11 11 109 171 170
397 2 2 11 11 110 111 172
398 2 2 11 11 110 172 171
399 2 2 11 11 111 112 173
400 2 2 11 11 111 173 172
401 2 2 11 11 112 113 174
402 2 2 11 11 112 174 173
403 2 2 11 11 113 114 175
404 2 2 11 11 113 175 174
405 2 2 11 11 114 115 176
406 2 2 11 11 114 176 175
407 2 2 11 11 115 116 177
408 2 2 11 11 115 177 176
409 2 2 11 11 116 117 178
410 2 2 11 11 116 178 177
411 2 2 11 11 117 118 179
412 2 2 11 11 117 179 178
413 2 2 11 11 118 119 180
414 2 2 11 11 118 180 179
415 2 2 11 11 119 120 181
416 2 2 11 11 119 181 180
417 2 2 11 11 120 121 182
418 2 2 11 11 120 182 181
419 2 2 11 11 121 122 183
420 2 2 11 11 121 183 182
421 2 2 11 11 123 124 185
422 2 2 11 11 123 185 184
423 2 2 11 11 124 125 186
424 2 2 11 11 124 186 185
425 2 2 11 11 125 126 187
426 2 2 11 11 125 187 186
427 2 2 11 11 126 127 188
428 2 2 11 11 126 188 187
429 2 2 11 11 127 128 189
430 2 2 11 11 127 189 188
431 2 2 11 11 128 129 190
432 2 2 11 11 128 190 189
433 2 2 11 11 129 130 191
434 2 2 11 11 129 191 190
435 2 2 11 11 130 131 192
436 2 2 11 11 130 192 191
437 2 2 11 11 131 132 193
438 2 2 11 11 131 193 192
439 2 2 11 11 132 133 194
440 2 2 11 11 132 194 193
441 2 2 11 11 133 134 195
442 2 2 11 11 133 195 194
443 2 2 11 11 134 135 196
444 2 2 11 11 134 196 195
445 2 2 11 11 135 136 197
446 2 2 11 11 135 197 196
447 2 2 11 11 136 137 198
448 2 2 11 11 136 198 197
449 2 2 11 11 137 138 199
450 2 2 11 11 137 199 198
451 2 2 11 11 138 139 200
452 2 2 11 11 138 200 199
453 2 2 11 11 139 140 201
454 2 2 11 11 139 201 200
455 2 2 11 11 140 141 202
456 2 2 11 11 140 202 201
457 2 2 11 11 141 142 203
458 2 2 11 11 141 203 202
459 2 2 11 11 142 143 204
460 2 2 11 11 142 204 203
461 2 2 11 11 143 144 205
462 2 2 11 11 143 205 204
463 2 2 11 11 144 145 206
464 2 2 11 11 144 206 205
465 2 2 11 11 145 146 207
466 2 2 11 11 145 207 206
467 2 2 11 11 146 147 208
468 2 2 11 11 146 208 207
469 2 2 11 11 147 148 209
470 2 2 11 11 147 209 208
471 2 2 11 11 148 149 210
472 2 2 11 11 148 210 209
473 2 2 11 11 149 150 211
474 2 2 11 11 149 211 210
475 2 2 11 11 150 151 212
476 2 2 11 11 150 212 211
477 2 2 11 11 151 152 213
478 2 2 11 11 151 213 212
479 2 2 11 11 152 153 214
480 2 2 11 11 152 214 213
481 2 2 11 11 153 154 215
482 2 2 11 11 153 215 214
483 2 2 11 11 154 155 216
484 2 2 11 11 154 216 215
485 2 2 11 11 155 156 217
486 2 2 11 11 155 217 216
487 2 2 11 11 156 157 218
488 2 2 11 11 156 218 217
489 2 2 11 11 157 158 219
490 2 2 11 11 157 219 218
491 2 2 11 11 158 159 220
492 2 2 11 11 158 220 219
493 2 2 11 11 159 160 221
494 2 2 11 11 159 221 220
495 2 2 11 11 160 161 222
496 2 2 11 11 160 222 221
497 2 2 11 11 161 162 223
498 2 2 11 11 161 223 222
499 2 2 11 11 162 163 224
500 2 2 11 11 162 224 223
501 2 2 11 11 163 164 225
502 2 2 11 11 163 225 224
503 2 2 11 11 164 165 226
504 2 2 11 11 164 226 225
505 2 2 11 11 165 166 227
506 2 2 11 11 165 227 226
507 2 2 11 11 166 167 228
508 2 2 11 11 166 228 227
509 2 2 11 11 167 168 229
510 2 2 11 11 167 229 228
511 2 2 11 11 168 169 230
512 2 2 11 11 168 230 229
513 2 2 11 11 169 170 231
514 2 2 11 11 169 231 230
515 2 2 11 11 170 171 232
516 2 2 11 11 170 232 231
517 2 2 11 11 171 172 233
518 2 2 11 11 171 233 232
519 2 2 11 11 172 173 234
520 2 2 11 11 172 234 233
521 2 2 11 11 173 174 235
522 2 2 11 11 173 235 234
523 2 2 11 11 174 175 236
524 2 2 11 11 174 236 235
525 2 2 11 11 175 176 237
526 2 2 11 11 175 237 236
527 2 2 11 11 176 177 238
528 2 2 11 11 176 238 237
529 2 2 11 11 177 178 239
530 2 2 11 11 177 239 238
531 2 2 11 11 178 179 240
532 2 2 11 11 178 240 239
533 2 2 11 11 179 180 241
534 2 2 11 11 179 241 240
535 2 2 11 11 180 181 242
536 2 2 11 11 180 242 241
537 2 2 11 11 181 182 243
538 2 2 11 11 181 243 242
539 2 2 11 11 182 183 244
540 2 2 11 11 182 244 243
541 2 2 11 11 184 185 246
542 2 2 11 11 184 246 245
543 2 2 11 11 185 186 247
544 2 2 11 11 185 247 246
545 2 2 11 11 186 187 248
546 2 2 11 11 186 248 247
547 2 2 11 11 187 188 249
548 2 2 11 11 187 249 248
549 2 2 11 11 188 189 250
550 2 2 11 11 188 250 249
551 2 2 11 11 189 190 251
552 2 2 11 11 189 251 250
553 2 2 11 11 190 191 252
554 2 2 11 11 190 252 251
555 2 2 11 11 191 192 253
556 2 2 11 11 191 253 252
557 2 2 11 11 192 193 254
558 2 2 11 11 192 254 253
559 2 2 11 11 193 194 255
560 2 2 11 11 193 255 254
561 2 2 11 11 194 195 256
562 2 2 11 11 194 256 255
563 2 2 11 11 195 196 257
564 2 2 11 11 195 257 256
565 2 2 11 11 196 197 258
566 2 2 11 11 196 258 257
567 2 2 11 11 197 198 259
568 2 2 11 11 197 259 258
569 2 2 11 11 198 199 260
570 2 2 11 11 198 260 259
571 2 2 11 11 199 200 261
572 2 2 11 11 199 261 260
573 2 2 11 11 200 201 262
574 2 2 11 11 200 262 261
575 2 2 11 11 201 202 263
576 2 2 11 11 201 263 262
577 2 2 11 11 202 203 264
578 2 2 11 11 202 264 263
579 2 2 11 11 203 204 265
580 2 2 11 11 203 265 264
581 2 2 11 11 204 205 266
582 2 2 11 11 204 266 265
583 2 2 11 11 205 206 267
584 2 2 11 11 205 267 266
585 2 2 11 11 206 207 268
586 2 2 11 11 206 268 267
587 2 2 11 11 207 208 269
588 2 2 11 11 207 269 268
589 2 2 11 11 208 209 270
590 2 2 11 11 208 270 269
591 2 2 11 11 209 210 271
592 2 2 11 11 209 271 270
593 2 2 11 11 210 211 272
594 2 2 11 11 210 272 271
595 2 2 11 11 211 212 273
596 2 2 11 11 211 273 272
597 2 2 11 11 212 213 274
598 2 2 11 11 212 274 273
599 2 2 11 11 213 214 275
600 2 2 11 11 213 275 274
601 2 2 11 11 214 215 276
602 2 2 11 11 214 276 275
603 2 2 11 11 215 216 277
604 2 2 11 11 215 277 276
605 2 2 11 11 216 217 278
606 2 2 11 11 216 278 277
607 2 2 11 11 217 218 279
608 2 2 11 11 217 279 278
609 2 2 11 11 218 219 280
610 2 2 11 11 218 280 279
611 2 2 11 11 219 220 281
612 2 2 11 11 219 281 280
613 2 2 11 11 220 221 282
614 2 2 11 11 220 282 281
615 2 2 11 11 221 222 283
616 2 2 11 11 221 283 282
617 2 2 11 11 222 223 284
618 2 2 11 11 222 284 283
619 2 2 11 11 223 224 285
620 2 2 11 11 223 285 284
621 2 2 11 11 224 225 286
622 2 2 11 11 224 286 285
623 2 2 11 11 225 226 287
624 2 2 11 11 225 287 286
625 2 2 11 11 226 227 288
626 2 2 11 11 226 288 287
627 2 2 11 11 227 228 289
628 2 2 11 11 227 289 288
629 2 2 11 11 228 229 290
630 2 2 11 11 228 290 289
631 2 2 11 11 229 230 291
632 2 2 11 11 229 291 290
633 2 2 11 11 230 231 292
634 2 2 11 11 230 292 291
635 2 2 11 11 231 232 293
636 2 2 11 11 231 293 292
637 2 2 11 11 232 233 294
638 2 2 11 11 232 294 293
639 2 2 11 11 233 234 295
640 2 2 11 11 233 295 294
641 2 2 11 11 234 235 296
642 2 2 11 11 234 296 295
643 2 2 11 11 235 236 297
644 2 2 11 11 235 297 296
645 2 2 11 11 236 237 298
646 2 2 11 11 236 298 297
647 2 2 11 11 237 238 299
648 2 2 11 11 237 299 298
649 2 2 11 11 238 239 300
650 2 2 11 11 238 300 299
651 2 2 11 11 239 240 301
652 2 2 11 11 239 301 300
653 2 2 11 11 240 241 302
654 2 2 11 11 240 302 301
655 2 2 11 11 241 242 303
656 2 2 11 11 241 303 302
657 2 2 11 11 242 243 304
658 2 2 11 11 242 304 303
659 2 2 11 11 243 244 305
660 2 2 11 11 243 305 304
661 2 2 11 11 245 246 307
662 2 2 11 11 245 307 306
663 2 2 11 11 246 247 308
664 2 2 11 11 246 308 307
665 2 2 11 11 247 248 309
666 2 2 11 11 247 309 308
667 2 2 11 11 248 249 310
668 2 2 11 11 248 310 309
669 2 2 11 11 249 250 311
670 2 2 11 11 249 311 310
671 2 2 11 11 250 251 312
672 2 2 11 11 250 312 311
673 2 2 11 11 251 252 313
674 2 2 11 11 251 313 312
675 2 2 11 11 252 253 314
676 2 2 11 11 252 314 313
677 2 2 11 11 253 254 315
678 2 2 11 11 253 315 314
679 2 2 11 11 254 255 316
680 2 2 11 11 254 316 315
681 2 2 11 11 255 256 317
682 2 2 11 11 255 317 316
683 2 2 11 11 256 257 318
684 2 2 11 11 256 318 317
685 2 2 11 11 257 258 319
686 2 2 11 11 257 319 318
687 2 2 11 11 258 259 320
688 2 2 11 11 258 320 319
689 2 2 11 11 259 260 321
690 2 2 11 11 259 321 320
691 2 2 11 11 260 261 322
692 2 2 11 11 260 322 321
693 2 2 11 11 261 262 323
694 2 2 11 11 261 323 322
695 2 2 11 11 262 263 324
696 2 2 11 11 262 324 323
697 2 2 11 11 263 264 325
698 2 2 11 11 263 325 324
699 2 2 11 11 264 265 326
700 2 2 11 11 264 326 325
701 2 2 11 11 265 266 327
702 2 2 11 11 265 327 326
703 2 2 11 11 266 267 328
704 2 2 11 11 266 328 327
705 2 2 11 11 267 268 329
706 2 2 11 11 267 329 328
707 2 2 11 11 268 269 330
708 2 2 11 11 268 330 329
709 2 2 11 11 269 270 331
710 2 2 11 11 269 331 330
711 2 2 11 11 270 271 332
712 2 2 11 11 270 332 331
713 2 2 11 11 271 272 333
714 2 2 11 11 271 333 332
715 2 2 11 11 272 273 334
716 2 2 11 11 272 334 333
717 2 2 11 11 273 274 335
718 2 2 11 11 273 335 334
719 2 2 11 11 274 275 336
720 2 2 11 11 274 336 335
721 2 2 11 11 275 276 337
722 2 2 11 11 275 337 336
723 2 2 11 11 276 277 338
724 2 2 11 11 276 338 337
725 2 2 11 11 277 278 339
726 2 2 11 11 277 339 338
727 2 2 11 11 278 279 340
728 2 2 11 11 278 340 339
729 2 2 11 11 279 280 341
730 2 2 11 11 279 341 340
731 2 2 11 11 280 281 342
732 2 2 11 11 280 342 341
733 2 2 11 11 281 282 343
734 2 2 11 11 281 343 342
735 2 2 11 11 282 283 344
736 2 2 11 11 282 344 343
737 2 2 11 11 283 284 345
738 2 2 11 11 283 345 344
739 2 2 11 11 284 285 346
740 2 2 11 11 284 346 345
741 2 2 11 11 285 286 347
742 2 2 11 11 285 347 346
743 2 2 11 11 286 287 348
744 2 2 11 11 286 348 347
745 2 2 11 11 287 288 349
746 2 2 11 11 287 349 348
747 2 2 11 11 288 289 350
748 2 2 11 11 288 350 349
749 2 2 11 11 289 290 351
750 2 2 11 11 289 351 350
751 2 2 11 11 290 291 352
752 2 2 11 11 290 352 351
753 2 2 11 11 291 292 353
754 2 2 11 11 291 353 352
755 2 2 11 11 292 293 354
756 2 2 11 11 292 354 353
757 2 2 11 11 293 294 355
758 2 2 11 11 293 355 354
759 2 2 11 11 294 295 356
760 2 2 11 11 294 356 355
761 2 2 11 11 295 296 357
762 2 2 11 11 295 357 356
763 2 2 11 11 296 297 358
764 2 2 11 11 296 358 357
765 2 2 11 11 297 298 359
766 2 2 11 11 297 359 358
767 2 2 11 11 298 299 360
768 2 2 11 11 298 360 359
769 2 2 11 11 299 300 361
770 2 2 11 11 299 361 360
771 2 2 11 11 300 301 362
772 2 2 11 11 300 362 361
773 2 2 11 11 301 302 363
774 2 2 11 11 301 363 362
775 2 2 11 11 302 303 364
776 2 2 11 11 302 364 363
777 2 2 11 11 303 304 365
778 2 2 11 11 303 365 364
779 2 2 11 11 304 305 366
780 2 2 11 11 304 366 365
781 2 2 11 11 306 307 368
782 2 2 11 11 306 368 367
783 2 2 11 11 307 308 369
784 2 2 11 11 307 369 368
785 2 2 11 11 308 309 370
786 2 2 11 11 308 370 369
787 2 2 11 11 309 310 371
788 2 2 11 11 309 371 370
789 2 2 11 11 310 311 372
790 2 2 11 11 310 372 371
791 2 2 11 11 311 312 373
792 2 2 11 11 311 373 372
793 2 2 11 11 312 313 374
794 2 2 11 11 312 374 373
795 2 2 11 11 313 314 375
796 2 2 11 11 313 375 374
797 2 2 11 11 314 315 376
798 2 2 11 11 314 376 375
799 2 2 11 11 315 316 377
800 2 2 11 11 315 377 376
801 2 2 11 11 316 317 378
802 2 2 11 11 316 378 377
803 2 2 11 11 317 318 379
804 2 2 11 11 317 379 378
805 2 2 11 11 318 319 380
806 2 2 11 11 318 380 379
807 2 2 11 11 319 320 381
808 2 2 11 11 319 381 380
809 2 2 11 11 320 321 382
810 2 2 11 11 320 382 381
811 2 2 11 11 321 322 383
812 2 2 11 11 321 383 382
813 2 2 11 11 322 323 384
814 2 2 11 11 322 384 383
815 2 2 11 11 323 324 385
816 2 2 11 11 323 385 384
817 2 2 11 11 324 325 386
818 2 2 11 11 324 386 385
819 2 2 11 11 325 326 387
820 2 2 11 11 325 387 386
821 2 2 11 11 326 327 388
822 2 2 11 11 326 388 387
823 2 2 11 11 327 328 389
824 2 2 11 11 327 389 388
825 2 2 11 11 328 329 390
826 2 2 11 11 328 390 389
827 2 2 11 11 329 330 391
828 2 2 11 11 329 391 390
829 2 2 11 11 330 331 392
830 2 2 11 11 330 392 391
831 2 2 11 11 331 332 393
832 2 2 11 11 331 393 392
833 2 2 11 11 332 333 394
834 2 2 11 11 332 394 393
835 2 2 11 11 333 334 395
836 2 2 11 11 333 395 394
837 2 2 11 11 334 335 396
838 2 2 11 11 334 396 395
839 2 2 11 11 335 336 397
840 2 2 11 11 335 397 396
841 2 2 11 11 336 337 398
842 2 2 11 11 336 398 397
843 2 2 11 11 337 338 399
844 2 2 11 11 337 399 398
845 2 2 11 11 338 339 400
846 2 2 11 11 338 400 399
847 2 2 11 11 339 340 401
848 2 2 11 11 339 401 400
849 2 2 11 11 340 341 402
850 2 2 11 11 340 402 401
851 2 2 11 11 341 342 403
852 2 2 11 11 341 403 402
853 2 2 11 11 342 343 404
854 2 2 11 11 342 404 403
855 2 2 11 11 343 344 405
856 2 2 11 11 343 405 404
857 2 2 11 11 344 345 406
858 2 2 11 11 344 406 405
859 2 2 11 11 345 346 407
860 2 2 11 11 345 407 406
861 2 2 11 11 346 347 408
862 2 2 11 11 346 408 407
863 2 2 11 11 347 348 409
864 2 2 11 11 347 409 408
865 2 2 11 11 348 349 410
866 2 2 11 11 348 410 409
867 2 2 11 11 349 350 411
868 2 2 11 11 349 411 410
869 2 2 11 11 350 351 412
870 2 2 11 11 350 412 411
871 2 2 11 11 351 352 413
872 2 2 11 11 351 413 412
873 2 2 11 11 352 353 414
874 2 2 11 11 352 414 413
875 2 2 11 11 353 354 415
876 2 2 11 11 353 415 414
877 2 2 11 11 354 355 416
878 2 2 11 11 354 416 415
879 2 2 11 11 355 356 417
880 2 2 11 11 355 417 416
881 2 2 11 11 356 357 418
882 2 2 11 11 356 418 417
883 2 2 11 11 357 358 419
884 2 2 11 11 357 419 418
885 2 2 11 11 358 359 420
886 2 2 11 11 358 420 419
887 2 2 11 11 359 360 421
888 2 2 11 11 359 421 420
889 2 2 11 11 360 361 422
890 2 2 11 11 360 422 421
891 2 2 11 11 361 362 423
892 2 2 11 11 361 423 422
893 2 2 11 11 362 363 424
894 2 2 11 11 362 424 423
895 2 2 11 11 363 364 425
896 2 2 11 11 363 425 424
897 2 2 11 11 364 365 426
898 2 2 11 11 364 426 425
899 2 2 11 11 365 366 427
900 2 2 11 11 365 427 426
901 2 2 11 11 367 368 429
902 2 2 11 11 367 429 428
903 2 2 11 11 368 369 430
904 2 2 11 11 368 430 429
905 2 2 11 11 369 370 431
906 2 2 11 11 369 431 430
907 2 2 11 11 370 371 432
908 2 2 11 11 370 432 431
909 2 2 11 11 371 372 433
910 2 2 11 11 371 433 432
911 2 2 11 11 372 373 434
912 2 2 11 11 372 434 433
913 2 2 11 11 373 374 435
914 2 2 11 11 373 435 434
915 2 2 11 11 374 375 436
916 2 2 11 11 374 436 435
917 2 2 11 11 375 376 437
918 2 2 11 11 375 437 436
919 2 2 11 11 376 377 438
920 2 2 11 11 376 438 437
921 2 2 11 11 377 378 439
922 2 2 11 11 377 439 438
923 2 2 11 11 378 379 440
924 2 2 11 11 378 440 439
925 2 2 11 11 379 380 441
926 2 2 11 11 379 441 440
927 2 2 11 11 380 381 442
928 2 2 11 11 380 442 441
929 2 2 11 11 381 382 443
930 2 2 11 11 381 443 442
931 2 2 11 11 382 383 444
932 2 2 11 11 382 444 443
933 2 2 11 11 383 384 445
934 2 2 11 11 383 445 444
935 2 2 11 11 384 385 446
936 2 2 11 11 384 446 445
937 2 2 11 11 385 386 447
938 2 2 11 11 385 447 446
939 2 2 11 11 386 387 448
940 2 2 11 11 386 448 447
941 2 2 11 11 387 388 449
942 2 2 11 11 387 449 448
943 2 2 11 11 388 389 450
944 2 2 11 11 388 450 449
945 2 2 11 11 389 390 451
946 2 2 11 11 389 451 450
947 2 2 11 11 390 391 452
948 2 2 11 11 390 452 451
949 2 2 11 11 391 392 453
950 2 2 11 11 391 453 452
951 2 2 11 11 392 393 454
952 2 2 11 11 392 454 453
953 2 2 11 11 393 394 455
954 2 2 11 11 393 455 454
955 2 2 11 11 394 395 456
956 2 2 11 11 394 456 455
957 2 2 11 11 395 396 457
958 2 2 11 11 395 457 456
959 2 2 11 11 396 397 458
960 2 2 11 11 396 458 457
961 2 2 11 11 397 398 459
962 2 2 11 11 397 459 458
963 2 2 11 11 398 399 460
964 2 2 11 11 398 460 459
965 2 2 11 11 399 400 461
966 2 2 11 11 399 461 460
967 2 2 11 11 400 401 462
968 2 2 11 11 400 462 461
969 2 2 11 11 401 402 463
970 2 2 11 11 401 463 462
971 2 2 11 11 402 403 464
972 2 2 11 11 402 464 463
973 2 2 11 11 403 404 465
974 2 2 11 11 403 465 464
975 2 2 11 11 404 405 466
976 2 2 11 11 404 466 465
977 2 2 11 11 405 406 467
978 2 2 11 11 405 467 466
979 2 2 11 11 406 407 468
980 2 2 11 11 406 468 467
981 2 2 11 11 407 408 469
982 2 2 11 11 407 469 468
983 2 2 11 11 408 409 470
984 2 2 11 11 408 470 469
985 2 2 11 11 409 410 471
986 2 2 11 11 409 471 470
987 2 2 11 11 410 411 472
988 2 2 11 11 410 472 471
989 2 2 11 11 411 412 473
990 2 2 11 11 411 473 472
991 2 2 11 11 412 413 474
992 2 2 11 11 412 474 473
993 2 2 11 11 413 414 475
994 2 2 11 11 413 475 474
995 2 2 11 11 414 415 476
996 2 2 11 11 414 476 475
997 2 2 11 11 415 416 477
998 2 2 11 11 415 477 476
999 2 2 11 11 416 417 478
1000 2 2 11 11 416 478 477
1001 2 2 11 11 417 418 479
1002 2 2 11 11 417 479 478
1003 2 2 11 11 418 419 480
1004 2 2 11 11 418 480 479
1005 2 2 11 11 419 420 481
1006 2 2 11 11 419 481 480
1007 2 2 11 11 420 421 482
1008 2 2 11 11 420 482 481
1009 2 2 11 11 421 422 483
1010 2 2 11 11 421 483 482
1011 2 2 11 11 422 423 484
1012 2 2 11 11 422 484 483
1013 2 2 11 11 423 424 485
1014 2 2 11 11 423 485 484
1015 2 2 11 11 424 425 486
1016 2 2 11 11 424 486 485
1017 2 2 11 11 425 426 487
1018 2 2 11 11 425 487 486
1019 2 2 11 11 426 427 488
1020 2 2 11 11 426 488 487
1021 2 2 11 11 428 429 490
1022 2 2 11 11 428 490 489
1023 2 2 11 11 429 430 491
1024 2 2 11 11 429 491 490
1025 2 2 11 11 430 431 492
1026 2 2 11 11 430 492 491
1027 2 2 11 11 431 432 493
1028 2 2 11 11 431 493 492
1029 2 2 11 11 432 433 494
1030 2 2 11 11 432 494 493
1031 2 2 11 11 433 434 495
1032 2 2 11 11 433 495 494
1033 2 2 11 11 434 435 496
1034 2 2 11 11 434 496 495
1035 2 2 11 11 435 436 497
1036 2 2 11 11 435 497 496
1037 2 2 11 11 436 437 498
1038 2 2 11 11 436 498 497
1039 2 2 11 11 437 438 499
1040 2 2 11 11 437 499 498
1041 2 2 11 11 438 439 500
1042 2 2 11 11 438 500 499
1043 2 2 11 11 439 440 501
1044 2 2 11 11 439 501 500
1045 2 2 11 11 440 441 502
1046 2 2 11 11 440 502 501
1047 2 2 11 11 441 442 503
1048 2 2 11 11 441 503 502
1049 2 2 11 11 442 443 504
1050 2 2 11 11 442 504 503
1051 2 2 11 11 443 444 505
1052 2 2 11 11 443 505 504
1053 2 2 11 11 444 445 506
1054 2 2 11 11 444 506 505
1055 2 2 11 11 445 446 507
1056 2 2 11 11 445 507 506
1057 2 2 11 11 446 447 508
1058 2 2 11 11 446 508 507
1059 2 2 11 11 447 448 509
1060 2 2 11 11 447 509 508
1061 2 2 11 11 448 449 510
1062 2 2 11 11 448 510 509
1063 2 2 11 11 449 450 511
1064 2 2 11 11 449 511 510
1065 2 2 11 11 450 451 512
1066 2 2 11 11 450 512 511
1067 2 2 11 11 451 452 513
1068 2 2 11 11 451 513 512
1069 2 2 11 11 452 453 514
1070 2 2 11 11 452 514 513
1071 2 2 11 11 453 454 515
1072 2 2 11 11 453 515 514
1073 2 2 11 11 454 455 516
1074 2 2 11 11 454 516 515
1075 2 2 11 11 455 456 517
1076 2 2 11 11 455 517 516
1077 2 2 11 11 456 457 518
1078 2 2 11 11 456 518 517
1079 2 2 11 11 457 458 519
1080 2 2 11 11 457 519 518
1081 2 2 11 11 458 459 520
1082 2 2 11 11 458 520 519
1083 2 2 11 11 459 460 521
1084 2 2 11 11 459 521 520
1085 2 2 11 11 460 461 522
1086 2 2 11 11 460 522 521
1087 2 2 11 11 461 462 523
1088 2 2 11 11 461 523 522
1089 2 2 11 11 462 463 524
1090 2 2 11 11 462 524 523
1091 2 2 11 11 463 464 525
1092 2 2 11 11 463 525 524
1093 2 2 11 11 464 465 526
1094 2 2 11 11 464 526 525
1095 2 2 11 11 465 466 527
1096 2 2 11 11 465 527 526
1097 2 2 11 11 466 467 528
1098 2 2 11 11 466 528 527
1099 2 2 11 11 467 468 529
1100 2 2 11 11 467 529 528
1101 2 2 11 11 468 469 530
1102 2 2 11 11 468 530 529
1103 2 2 11 11 469 470 531
1104 2 2 11 11 469 531 530
1105 2 2 11 11 470 471 532
1106 2 2 11 11 470 532 531
1107 2 2 11 11 471 472 533
1108 2 2 11 11 471 533 532
1109 2 2 11 11 472 473 534
1110 2 2 11 11 472 534 533
1111 2 2 11 11 473 474 535
1112 2 2 11 11 473 535 534
1113 2 2 11 11 474 475 536
1114 2 2 11 11 474 536 535
1115 2 2 11 11 475 476 537
1116 2 2 11 11 475 537 536
1117 2 2 11 11 476 477 538
1118 2 2 11 11 476 538 537
1119 2 2 11 11 477 478 539
1120 2 2 11 11 477 539 538
1121 2 2 11 11 478 479 540
1122 2 2 11 11 478 540 539
1123 2 2 11 11 479 480 541
1124 2 2 11 11 479 541 540
1125 2 2 11 11 480 481 542
1126 2 2 11 11 480 542 541
1127 2 2 11 11 481 482 543
1128 2 2 11 11 481 543 542
1129 2 2 11 11 482 483 544
1130 2 2 11 11 482 544 543
1131 2 2 11 11 483 484 545
1132 2 2 11 11 483 545 544
1133 2 2 11 11 484 485 546
1134 2 2 11 11 484 546 545
1135 2 2 11 11 485 486 547
1136 2 2 11 11 485 547 546
1137 2 2 11 11 486 487 548
1138 2 2 11 11 486 548 547
1139 2 2 11 11 487 488 549
1140 2 2 11 11 487 549 548
1141 2 2 11 11 489 490 551
1142 2 2 11 11 489 551 550
1143 2 2 11 11 490 491 552
1144 2 2 11 11 490 552 551
1145 2 2 11 11 491 492 553
1146 2 2 11 11 491 553 552
1147 2 2 11 11 492 493 554
1148 2 2 11 11 492 554 553
1149 2 2 11 11 493 494 555
1150 2 2 11 11 493 555 554
1151 2 2 11 11 494 495 556
1152 2 2 11 11 494 556 555
1153 2 2 11 11 495 496 557
1154 2 2 11 11 495 557 556
1155 2 2 11 11 496 497 558
1156 2 2 11 11 496 558 557
1157 2 2 11 11 497 498 559
1158 2 2 11 11 497 559 558
1159 2 2 11 11 498 499 560
1160 2 2 11 11 498 560 559
1161 2 2 11 11 499 500 561
1162 2 2 11 11 499 561 560
1163 2 2 11 11 500 501 562
1164 2 2 11 11 500 562 561
1165 2 2 11 11 501 502 563
1166 2 2 11 11 501 563 562
1167 2 2 11 11 502 503 564
1168 2 2 11 11 502 564 563
1169 2 2 11 11 503 504 565
1170 2 2 11 11 503 565 564
1171 2 2 11 11 504 505 566
1172 2 2 11 11 504 566 565
1173 2 2 11 11 505 506 567
1174 2 2 11 11 505 567 566
1175 2 2 11 11 506 507 568
1176 2 2 11 11 506 568 567
1177 2 2 11 11 507 508 569
1178 2 2 11 11 507 569 568
1179 2 2 11 11 508 509 570
1180 2 2 11 11 508 570 569
1181 2 2 11 11 509 510 571
1182 2 2 11 11 509 571 570
1183 2 2 11 11 510 511 572
1184 2 2 11 11 510 572 571
1185 2 2 11 11 511 512 573
1186 2 2 11 11 511 573 572
1187 2 2 11 11 512 513 574
1188 2 2 11 11 512 574 573
1189 2 2 11 11 513 514 575
1190 2 2 11 11 513 575 574
1191 2 2 11 11 514 515 576
1192 2 2 11 11 514 576 575
1193 2 2 11 11 515 516 577
1194 2 2 11 11 515 577 576
1195 2 2 11 11 516 517 578
1196 2 2 11 11 516 578 577
1197 2 2 11 11 517 518 579
1198 2 2 11 11 517 579 578
1199 2 2 11 11 518 519 580
1200 2 2 11 11 518 580 579
1201 2 2 11 11 519 520 581
1202 2 2 11 11 519 581 580
1203 2 2 11 11 520 521 582
1204 2 2 11 11 520 582 581
1205 2 2 11 11 521 522 583
1206 2 2 11 11 521 583 582
1207 2 2 11 11 522 523 584
1208 2 2 11 11 522 584 583
1209 2 2 11 11 523 524 585
1210 2 2 11 11 523 585 584
1211 2 2 11 11 524 525 586
1212 2 2 11 11 524 586 585
1213 2 2 11 11 525 526 587
1214 2 2 11 11 525 587 586
1215 2 2 11 11 526 527 588
1216 2 2 11 11 526 588 587
1217 2 2 11 11 527 528 589
1218 2 2 11 11 527 589 588
1219 2 2 11 11 528 529 590
1220 2 2 11 11 528 590 589
1221 2 2 11 11 529 530 591
1222 2 2 11 11 529 591 590
1223 2 2 11 11 530 531 592
1224 2 2 11 11 530 592 591
1225 2 2 11 11 531 532 593
1226 2 2 11 11 531 593 592
1227 2 2 11 11 532 533 594
1228 2 2 11 11 532 594 593
1229 2 2 11 11 533 534 595
1230 2 2 11 11 533 595 594
1231 2 2 11 11 534 535 596
1232 2 2 11 11 534 596 595
1233 2 2 11 11 535 536 597
1234 2 2 11 11 535 597 596
1235 2 2 11 11 536 537 598
1236 2 2 11 11 536 598 597
1237 2 2 11 11 537 538 599
1238 2 2 11 11 537 599 598
1239 2 2 11 11 538 539 600
1240 2 2 11 11 538 600 599
1241 2 2 11 11 539 540 601
1242 2 2 11 11 539 601 600
1243 2 2 11 11 540 541 602
1244 2 2 11 11 540 602 601
1245 2 2 11 11 541 542 603
1246 2 2 11 11 541 603 602
1247 2 2 11 11 542 543 604
1248 2 2 11 11 542 604 603
1249 2 2 11 11 543 544 605
1250 2 2 11 11 543 605 604
1251 2 2 11 11 544 545 606
1252 2 2 11 11 544 606 605
1253 2 2 11 11 545 546 607
1254 2 2 11 11 545 607 606
1255 2 2 11 11 546 547 608
1256 2 2 11 11 546 608 607
1257 2 2 11 11 547 548 609
1258 2 2 11 11 547 609 608
1259 2 2 11 11 548 549 610
1260 2 2 11 11 548 610 609
1261 2 2 11 11 550 551 612
1262 2 2 11 11 550 612 611
1263 2 2 11 11 551 552 613
1264 2 2 11 11 551 613 612
1265 2 2 11 11 552 553 614
1266 2 2 11 11 552 614 613
1267 2 2 11 11 553 554 615
1268 2 2 11 11 553 615 614
1269 2 2 11 11 554 555 616
1270 2 2 11 11 554 616 615
1271 2 2 11 11 555 556 617
1272 2 2 11 11 555 617 616
1273 2 2 11 11 556 557 618
1274 2 2 11 11 556 618 617
1275 2 2 11 11 557 558 619
1276 2 2 11 11 557 619 618
1277 2 2 11 11 558 559 620
1278 2 2 11 11 558 620 619
1279 2 2 11 11 559 560 621
1280 2 2 11 11 559 621 620
1281 2 2 11 11 560 561 622
1282 2 2 11 11 560 622 621
1283 2 2 11 11 561 562 623
1284 2 2 11 11 561 623 622
1285 2 2 11 11 562 563 624
1286 2 2 11 11 562 624 623
1287 2 2 11 11 563 564 625
1288 2 2 11 11 563 625 624
1289 2 2 11 11 564 565 626
1290 2 2 11 11 564 626 625
1291 2 2 11 11 565 566 627
1292 2 2 11 11 565 627 626
1293 2 2 11 11 566 567 628
1294 2 2 11 11 566 628 627
1295 2 2 11 11 567 568 629
1296 2 2 11 11 567 629 628
1297 2 2 11 11 568 569 630
1298 2 2 11 11 568 630 629
1299 2 2 11 11 569 570 631
1300 2 2 11 11 569 631 630
1301 2 2 11 11 570 571 632
1302 2 2 11 11 570 632 631
1303 2 2 11 11 571 572 633
1304 2 2 11 11 571 633 632
1305 2 2 11 11 572 573 634
1306 2 2 11 11 572 634 633
1307 2 2 11 11 573 574 635
1308 2 2 11 11 573 635 634
1309 2 2 11 11 574 575 636
1310 2 2 11 11 574 636 635
1311 2 2 11 11 575 576 637
1312 2 2 11 11 575 637 636
1313 2 2 11 11 576 577 638
1314 2 2 11 11 576 638 637
1315 2 2 11 11 577 578 639
1316 2 2 11 11 577 639 638
1317 2 2 11 11 578 579 640
1318 2 2 11 11 578 640 639
1319 2 2 11 11 579 580 641
1320 2 2 11 11 579 641 640
1321 2 2 11 11 580 581 642
1322 2 2 11 11 580 642 641
1323 2 2 11 11 581 582 643
1324 2 2 11 11 581 643 642
1325 2 2 11 11 582 583 644
1326 2 2 11 11 582 644 643
1327 2 2 11 11 583 584 645
1328 2 2 11 11 583 645 644
1329 2 2 11 11 584 585 646
1330 2 2 11 11 584 646 645
1331 2 2 11 11 585 586 647
1332 2 2 11 11 585 647 646
1333 2 2 11 11 586 587 648
1334 2 2 11 11 586 648 647
1335 2 2 11 11 587 588 649
1336 2 2 11 11 587 649 648
1337 2 2 11 11 588 589 650
1338 2 2 11 11 588 650 649
1339 2 2 11 11 589 590 651
1340 2 2 11 11 589 651 650
1341 2 2 11 11 590 591 652
1342 2 2 11 11 590 652 651
1343 2 2 11 11 591 592 653
1344 2 2 11 11 591 653 652
1345 2 2 11 11 592 593 654
1346 2 2 11 11 592 654 653
1347 2 2 11 11 593 594 655
1348 2 2 11 11 593 655 654
1349 2 2 11 11 594 595 656
1350 2 2 11 11 594 656 655
1351 2 2 11 11 595 596 657
1352 2 2 11 11 595 657 656
1353 2 2 11 11 596 597 658
1354 2 2 11 11 596 658 657
1355 2 2 11 11 597 598 659
1356 2 2 11 11 597 659 658
1357 2 2 11 11 598 599 660
1358 2 2 11 11 598 660 659
1359 2 2 11 11 599 600 661
1360 2 2 11 11 599 661 660
1361 2 2 11 11 600 601 662
1362 2 2 11 11 600 662 661
1363 2 2 11 11 601 602 663
1364 2 2 11 11 601 663 662
1365 2 2 11 11 602 603 664
1366 2 2 11 11 602 664 663
1367 2 2 11 11 603 604 665
1368 2 2 11 11 603 665 664
1369 2 2 11 11 604 605 666
1370 2 2 11 11 604 666 665
1371 2 2 11 11 605 606 667
1372 2 2 11 11 605 667 666
1373 2 2 11 11 606 607 668
1374 2 2 11 11 606 668 667
1375 2 2 11 11 607 608 669
1376 2 2 11 11 607 669 668
1377 2 2 11 11 608 609 670
1378 2 2 11 11 608 670 669
1379 2 2 11 11 609 610 671
1380 2 2 11 11 609 671 670
1381 2 2 11 11 611 612 673
1382 2 2 11 11 611 673 672
1383 2 2 11 11 612 613 674
1384 2 2 11 11 612 674 673
1385 2 2 11 11 613 614 675
1386 2 2 11 11 613 675 674
1387 2 2 11 11 614 615 676
1388 2 2 11 11 614 676 675
1389 2 2 11 11 615 616 677
1390 2 2 11 11 615 677 676
1391 2 2 11 11 616 617 678
1392 2 2 11 11 616 678 677
1393 2 2 11 11 617 618 679
1394 2 2 11 11 617 679 678
1395 2 2 11 11 618 619 680
1396 2 2 11 11 618 680 679
1397 2 2 11 11 619 620 681
1398 2 2 11 11 619 681 680
1399 2 2 11 11 620 621 682
1400 2 2 11 11 620 682 681
1401 2 2 11 11 621 622 683
1402 2 2 11 11 621 683 682
1403 2 2 11 11 622 623 684
1404 2 2 11 11 622 684 683
1405 2 2 11 11 623 624 685
1406 2 2 11 11 623 685 684
1407 2 2 11 11 624 625 686
1408 2 2 11 11 624 686 685
1409 2 2 11 11 625 626 687
1410 2 2 11 11 625 687 686
1411 2 2 11 11 626 627 688
1412 2 2 11 11 626 688 687
1413 2 2 11 11 627 628 689
1414 2 2 11 11 627 689 688
1415 2 2 11 11 628 629 690
1416 2 2 11 11 628 690 689
1417 2 2 11 11 629 630 691
1418 2 2 11 11 629 691 690
1419 2 2 11 11 630 631 692
1420 2 2 11 11 630 692 691
1421 2 2 11 11 631 632 693
1422 2 2 11 11 631 693 692
1423 2 2 11 11 632 633 694
1424 2 2 11 11 632 694 693
1425 2 2 11 11 633 634 695
1426 2 2 11 11 633 695 694
1427 2 2 11 11 634 635 696
1428 2 2 11 11 634 696 695
1429 2 2 11 11 635 636 697
1430 2 2 11 11 635 697 696
1431 2 2 11 11 636 637 698
1432 2 2 11 11 636 698 697
1433 2 2 11 11 637 638 699
1434 2 2 11 11 637 699 698
1435 2 2 11 11 638 639 700
1436 2 2 11 11 638 700 699
1437 2 2 11 11 639 640 701
1438 2 2 11 11 639 701 700
1439 2 2 11 11 640 641 702
1440 2 2 11 11 640 702 701
1441 2 2 11 11 641 642 703
1442 2 2 11 11 641 703 702
1443 2 2 11 11 642 643 704
1444 2 2 11 11 642 704 703
1445 2 2 11 11 643 644 705
1446 2 2 11 11 643 705 704
1447 2 2 11 11 644 645 706
1448 2 2 11 11 644 706 705
1449 2 2 11 11 645 646 707
1450 2 2 11 11 645 707 706
1451 2 2 11 11 646 647 708
1452 2 2 11 11 646 708 707
1453 2 2 11 11 647 648 709
1454 2 2 11 11 647 709 708
1455 2 2 11 11 648 649 710
1456 2 2 11 11 648 710 709
1457 2 2 11 11 649 650 711
1458 2 2 11 11 649 711 710
1459 2 2 11 11 650 651 712
1460 2 2 11 11 650 712 711
1461 2 2 11 11 651 652 713
1462 2 2 11 11 651 713 712
1463 2 2 11 11 652 653 714
1464 2 2 11 11 652 714 713
1465 2 2 11 11 653 654 715
1466 2 2 11 11 653 715 714
1467 2 2 11 11 654 655 716
1468 2 2 11 11 654 716 715
1469 2 2 11 11 655 656 717
1470 2 2 11 11 655 717 716
1471 2 2 11 11 656 657 718
1472 2 2 11 11 656 718 717
1473 2 2 11 11 657 658 719
1474 2 2 11 11 657 719 718
1475 2 2 11 11 658 659 720
1476 2 2 11 11 658 720 719
1477 2 2 11 11 659 660 721
1478 2 2 11 11 659 721 720
1479 2 2 11 11 660 661 722
1480 2 2 11 11 660 722 721
1481 2 2 11 11 661 662 723
1482 2 2 11 11 661 723 722
1483 2 2 11 11 662 663 724
1484 2 2 11 11 662 724 723
1485 2 2 11 11 663 664 725
1486 2 2 11 11 663 725 724
1487 2 2 11 11 664 665 726
1488 2 2 11 11 664 726 725
1489 2 2 11 11 665 666 727
1490 2 2 11 11 665 727 726
1491 2 2 11 11 666 667 728
1492 2 2 11 11 666 728 727
1493 2 2 11 11 667 668 729
1494 2 2 11 11 667 729 728
1495 2 2 11 11 668 669 730
1496 2 2 11 11 668 730 729
1497 2 2 11 11 669 670 731
1498 2 2 11 11 669 731 730
1499 2 2 11 11 670 671 732
1500 2 2 11 11 670 732 731
1501 2 2 11 11 672 673 734
1502 2 2 11 11 672 734 733
1503 2 2 11 11 673 674 735
1504 2 2 11 11 673 735 734
1505 2 2 11 11 674 675 736
1506 2 2 11 11 674 736 735
1507 2 2 11 11 675 676 737
1508 2 2 11 11 675 737 736
1509 2 2 11 11 676 677 738
1510 2 2 11 11 676 738 737
1511 2 2 11 11 677 678 739
1512 2 2 11 11 677 739 738
1513 2 2 11 11 678 679 740
1514 2 2 11 11 678 740 739
1515 2 2 11 11 679 680 741
1516 2 2 11 11 679 741 740
1517 2 2 11 11 680 681 742
1518 2 2 11 11 680 742 741
1519 2 2 11 11 681 682 743
1520 2 2 11 11 681 743 742
1521 2 2 11 11 682 683 744
1522 2 2 11 11 682 744 743
1523 2 2 11 11 683 684 745
1524 2 2 11 11 683 745 744
1525 2 2 11 11 684 685 746
1526 2 2 11 11 684 746 745
1527 2 2 11 11 685 686 747
1528 2 2 11 11 685 747 746
1529 2 2 11 11 686 687 748
1530 2 2 11 11 686 748 747
1531 2 2 11 11 687 688 749
1532 2 2 11 11 687 749 748
1533 2 2 11 11 688 689 750
1534 2 2 11 11 688 750 749
1535 2 2 11 11 689 690 751
1536 2 2 11 11 689 751 750
1537 2 2 11 11 690 691 752
1538 2 2 11 11 690 752 751
1539 2 2 11 11 691 692 753
1540 2 2 11 11 691 753 752
1541 2 2 11 11 692 693 754
1542 2 2 11 11 692 754 753
1543 2 2 11 11 693 694 755
1544 2 2 11 11 693 755 754
1545 2 2 11 11 694 695 756
1546 2 2 11 11 694 756 755
1547 2 2 11 11 695 696 757
1548 2 2 11 11 695 757 756
1549 2 2 11 11 696 697 758
1550 2 2 11 11 696 758 757
1551 2 2 11 11 697 698 759
1552 2 2 11 11 697 759 758
1553 2 2 11 11 698 699 760
1554 2 2 11 11 698 760 759
1555 2 2 11 11 699 700 761
1556 2 2 11 11 699 761 760
1557 2 2 11 11 700 701 762
1558 2 2 11 11 700 762 761
1559 2 2 11 11 701 702 763
1560 2 2 11 11 701 763 762
1561 2 2 11 11 702 703 764
1562 2 2 11 11 702 764 763
1563 2 2 11 11 703 704 765
1564 2 2 11 11 703 765 764
1565 2 2 11 11 704 705 766
1566 2 2 11 11 704 766 765
1567 2 2 11 11 705 706 767
1568 2 2 11 11 705 767 766
1569 2 2 11 11 706 707 768
1570 2 2 11 11 706 768 767
1571 2 2 11 11 707 708 769
1572 2 2 11 11 707 769 768
1573 2 2 11 11 708 709 770
1574 2 2 11 11 708 770 769
1575 2 2 11 11 709 710 771
1576 2 2 11 11 709 771 770
1577 2 2 11 11 710 711 772
1578 2 2 11 11 710 772 771
1579 2 2 11 11 711 712 773
1580 2 2 11 11 711 773 772
1581 2 2 11 11 712 713 774
1582 2 2 11 11 712 774 773
1583 2 2 11 11 713 714 775
1584 2 2 11 11 713 775 774
1585 2 2 11 11 714 715 776
1586 2 2 11 11 714 776 775
1587 2 2 11 11 715 716 777
1588 2 2 11 11 715 777 776
1589 2 2 11 11 716 717 778
1590 2 2 11 11 716 778 777
1591 2 2 11 11 717 718 779
1592 2 2 11 11 717 779 778
1593 2 2 11 11 718 719 780
1594 2 2 11 11 718 780 779
1595 2 2 11 11 719 720 781
1596 2 2 11 11 719 781 780
1597 2 2 11 11 720 721 782
1598 2 2 11 11 720 782 781
1599 2 2 11 11 721 722 783
1600 2 2 11 11 721 783 782
1601 2 2 11 11 722 723 784
1602 2 2 11 11 722 784 783
1603 2 2 11 11 723 724 785
1604 2 2 11 11 723 785 784
1605 2 2 11 11 724 725 786
1606 2 2 11 11 724 786 785
1607 2 2 11 11 725 726 787
1608 2 2 11 11 725 787 786
1609 2 2 11 11 726 727 788
1610 2 2 11 11 726 788 787
1611 2 2 11 11 727 728 789
1612 2 2 11 11 727 789 788
1613 2 2 11 11 728 729 790
1614 2 2 11 11 728 790 789
1615 2 2 11 11 729 730 791
1616 2 2 11 11 729 791 790
1617 2 2 11 11 730 731 792
1618 2 2 11 11 730 792 791
1619 2 2 11 11 731 732 793
1620 2 2 11 11 731 793 792
1621 2 2 11 11 733 734 795
1622 2 2 11 11 733 795 794
1623 2 2 11 11 734 735 796
1624 2 2 11 11 734 796 795
1625 2 2 11 11 735 736 797
1626 2 2 11 11 735 797 796
1627 2 2 11 11 736 737 798
1628 2 2 11 11 736 798 797
1629 2 2 11 11 737 738 799
1630 2 2 11 11 737 799 798
1631 2 2 11 11 738 739 800
1632 2 2 11 11 738 800 799
1633 2 2 11 11 739 740 801
1634 2 2 11 11 739 801 800
1635 2 2 11 11 740 741 802
1636 2 2 11 11 740 802 801
1637 2 2 11 11 741 742 803
1638 2 2 11 11 741 803 802
1639 2 2 11 11 742 743 804
1640 2 2 11 11 742 804 803
1641 2 2 11 11 743 744 805
1642 2 2 11 11 743 805 804
1643 2 2 11 11 744 745 806
1644 2 2 11 11 744 806 805
1645 2 2 11 11 745 746 807
1646 2 2 11 11 745 807 806
1647 2 2 11 11 746 747 808
1648 2 2 11 11 746 808 807
1649 2 2 11 11 747 748 809
1650 2 2 11 11 747 809 808
1651 2 2 11 11 748 749 810
1652 2 2 11 11 748 810 809
1653 2 2 11 11 749 750 811
1654 2 2 11 11 749 811 810
1655 2 2 11 11 750 751 812
1656 2 2 11 11 750 812 811
1657 2 2 11 11 751 752 813
1658 2 2 11 11 751 813 812
1659 2 2 11 11 752 753 814
1660 2 2 11 11 752 814 813
1661 2 2 11 11 753 754 815
1662 2 2 11 11 753 815 814
1663 2 2 11 11 754 755 816
1664 2 2 11 11 754 816 815
1665 2 2 11 11 755 756 817
1666 2 2 11 11 755 817 816
1667 2 2 11 11 756 757 818
1668 2 2 11 11 756 818 817
1669 2 2 11 11 757 758 819
1670 2 2 11 11 757 819 818
1671 2 2 11 11 758 759 820
1672 2 2 11 11 758 820 819
1673 2 2 11 11 759 760 821
1674 2 2 11 11 759 821 820
1675 2 2 11 11 760 761 822
1676 2 2 11 11 760 822 821
1677 2 2 11 11 761 762 823
1678 2 2 11 11 761 823 822
1679 2 2 11 11 762 763 824
1680 2 2 11 11 762 824 823
1681 2 2 11 11 763 764 825
1682 2 2 11 11 763 825 824
1683 2 2 11 11 764 765 826
1684 2 2 11 11 764 826 825
1685 2 2 11 11 765 766 827
1686 2 2 11 11 765 827 826
1687 2 2 11 11 766 767 828
1688 2 2 11 11 766 828 827
1689 2 2 11 11 767 768 829
1690 2 2 11 11 767 829 828
1691 2 2 11 11 768 769 830
1692 2 2 11 11 768 830 829
1693 2 2 11 11 769 770 831
1694 2 2 11 11 769 831 830
1695 2 2 11 11 770 771 832
1696 2 2 11 11 770 832 831
1697 2 2 11 11 771 772 833
1698 2 2 11 11 771 833 832
1699 2 2 11 11 772 773 834
1700 2 2 11 11 772 834 833
1701 2 2 11 11 773 774 835
1702 2 2 11 11 773 835 834
1703 2 2 11 11 774 775 836
1704 2 2 11 11 774 836 835
1705 2 2 11 11 775 776 837
1706 2 2 11 11 775 837 836
1707 2 2 11 11 776 777 838
1708 2 2 11 11 776 838 837
1709 2 2 11 11 777 778 839
1710 2 2 11 11 777 839 838
1711 2 2 11 11 778 779 840
1712 2 2 11 11 778 840 839
1713 2 2 11 11 779 780 841
1714 2 2 11 11 779 841 840
1715 2 2 11 11 780 781 842
1716 2 2 11 11 780 842 841
1717 2 2 11 11 781 782 843
1718 2 2 11 11 781 843 842
1719 2 2 11 11 782 783 844
1720 2 2 11 11 782 844 843
1721 2 2 11 11 783 784 845
1722 2 2 11 11 783 845 844
1723 2 2 11 11 784 785 846
1724 2 2 11 11 784 846 845
1725 2 2 11 11 785 786 847
1726 2 2 11 11 785 847 846
1727 2 2 11 11 786 787 848
1728 2 2 11 11 786 848 847
1729 2 2 11 11 787 788 849
1730 2 2 11 11 787 849 848
1731 2 2 11 11 788 789 850
1732 2 2 11 11 788 850 849
1733 2 2 11 11 789 790 851
1734 2 2 11 11 789 851 850
1735 2 2 11 11 790 791 852
1736 2 2 11 11 790 852 851
1737 2 2 11 11 791 792 853
1738 2 2 11 11 791 853 852
1739 2 2 11 11 792 793 854
1740 2 2 11 11 792 854 853
1741 2 2 11 11 794 795 856
1742 2 2 11 11 794 856 855
1743 2 2 11 11 795 796 857
1744 2 2 11 11 795 857 856
1745 2 2 11 11 796 797 858
1746 2 2 11 11 796 858 857
1747 2 2 11 11 797 798 859
1748 2 2 11 11 797 859 858
1749 2 2 11 11 798 799 860
1750 2 2 11 11 798 860 859
1751 2 2 11 11 799 800 861
1752 2 2 11 11 799 861 860
1753 2 2 11 11 800 801 862
1754 2 2 11 11 800 862 861
1755 2 2 11 11 801 802 863
1756 2 2 11 11 801 863 862
1757 2 2 11 11 802 803 864
1758 2 2 11 11 802 864 863
1759 2 2 11 11 803 804 865
1760 2 2 11 11 803 865 864
1761 2 2 11 11 804 805 866
1762 2 2 11 11 804 866 865
1763 2 2 11 11 805 806 867
1764 2 2 11 11 805 867 866
1765 2 2 11 11 806 807 868
1766 2 2 11 11 806 868 867
1767 2 2 11 11 807 808 869
1768 2 2 11 11 807 869 868
1769 2 2 11 11 808 809 870
1770 2 2 11 11 808 870 869
1771 2 2 11 11 809 810 871
1772 2 2 11 11 809 871 870
1773 2 2 11 11 810 811 872
1774 2 2 11 11 810 872 871
1775 2 2 11 11 811 812 873
1776 2 2 11 11 811 873 872
1777 2 2 11 11 812 813 874
1778 2 2 11 11 812 874 873
1779 2 2 11 11 813 814 875
1780 2 2 11 11 813 875 874
1781 2 2 11 11 814 815 876
1782 2 2 11 11 814 876 875
1783 2 2 11 11 815 816 877
1784 2 2 11 11 815 877 876
1785 2 2 11 11 816 817 878
1786 2 2 11 11 816 878 877
1787 2 2 11 11 817 818 879
1788 2 2 11 11 817 879 878
1789 2 2 11 11 818 819 880
1790 2 2 11 11 818 880 879
1791 2 2 11 11 819 820 881
1792 2 2 11 11 819 881 880
1793 2 2 11 11 820 821 882
1794 2 2 11 11 820 882 881
1795 2 2 11 11 821 822 883
1796 2 2 11 11 821 883 882
1797 2 2 11 11 822 823 884
1798 2 2 11 11 822 884 883
1799 2 2 11 11 823 824 885
1800 2 2 11 11 823 885 884
1801 2 2 11 11 824 825 886
1802 2 2 11 11 824 886 885
1803 2 2 11 11 825 826 887
1804 2 2 11 11 825 887 886
1805 2 2 11 11 826 827 888
1806 2 2 11 11 826 888 887
1807 2 2 11 11 827 828 889
1808 2 2 11 11 827 889 888
1809 2 2 11 11 828 829 890
1810 2 2 11 11 828 890 889
1811 2 2 11 11 829 830 891
1812 2 2 11 11 829 891 890
1813 2 2 11 11 830 831 892
1814 2 2 11 11 830 892 891
1815 2 2 11 11 831 832 893
1816 2 2 11 11 831 893 892
1817 2 2 11 11 832 833 894
1818 2 2 11 11 832 894 893
1819 2 2 11 11 833 834 895
1820 2 2 11 11 833 895 894
1821 2 2 11 11 834 835 896
1822 2 2 11 11 834 896 895
1823 2 2 11 11 835 836 897
1824 2 2 11 11 835 897 896
1825 2 2 11 11 836 837 898
1826 2 2 11 11 836 898 897
1827 2 2 11 11 837 838 899
1828 2 2 11 11 837 899 898
1829 2 2 11 11 838 839 900
1830 2 2 11 11 838 900 899
1831 2 2 11 11 839 840 901
1832 2 2 11 11 839 901 900
1833 2 2 11 11 840 841 902
1834 2 2 11 11 840 902 901
1835 2 2 11 11 841 842 903
1836 2 2 11 11 841 903 902
1837 2 2 11 11 842 843 904
1838 2 2 11 11 842 904 903
1839 2 2 11 11 843 844 905
1840 2 2 11 11 843 905 904
1841 2 2 11 11 844 845 906
1842 2 2 11 11 844 906 905
1843 2 2 11 11 845 846 907
1844 2 2 11 11 845 907 906
1845 2 2 11 11 846 847 908
1846 2 2 11 11 846 908 907
1847 2 2 11 11 847 848 909
1848 2 2 11 11 847 909 908
1849 2 2 11 11 848 849 910
1850 2 2 11 11 848 910 909
1851 2 2 11 11 849 850 911
1852 2 2 11 11 849 911 910
1853 2 2 11 11 850 851 912
1854 2 2 11 11 850 912 911
1855 2 2 11 11 851 852 913
1856 2 2 11 11 851 913 912
1857 2 2 11 11 852 853 914
1858 2 2 11 11 852 914 913
1859 2 2 11 11 853 854 915
1860 2 2 11 11 853 915 914
1861 2 2 11 11 855 856 917
1862 2 2 11 11 855 917 916
1863 2 2 11 11 856 857 918
1864 2 2 11 11 856 918 917
1865 2 2 11 11 857 858 919
1866 2 2 11 11 857 919 918
1867 2 2 11 11 858 859 920
1868 2 2 11 11 858 920 919
1869 2 2 11 11 859 860 921
1870 2 2 11 11 859 921 920
1871 2 2 11 11 860 861 922
1872 2 2 11 11 860 922 921
1873 2 2 11 11 861 862 923
1874 2 2 11 11 861 923 922
1875 2 2 11 11 862 863 924
1876 2 2 11 11 862 924 923
1877 2 2 11 11 863 864 925
1878 2 2 11 11 863 925 924
1879 2 2 11 11 864 865 926
1880 2 2 11 11 864 926 925
1881 2 2 11 11 865 866 927
1882 2 2 11 11 865 927 926
1883 2 2 11 11 866 867 928
1884 2 2 11 11 866 928 927
1885 2 2 11 11 867 868 929
1886 2 2 11 11 867 929 928
1887 2 2 11 11 868 869 930
1888 2 2 11 11 868 930 929
1889 2 2 11 11 869 870 931
1890 2 2 11 11 869 931 930
1891 2 2 11 11 870 871 932
1892 2 2 11 11 870 932 931
1893 2 2 11 11 871 872 933
1894 2 2 11 11 871 933 932
1895 2 2 11 11 872 873 934
1896 2 2 11 11 872 934 933
1897 2 2 11 11 873 874 935
1898 2 2 11 11 873 935 934
1899 2 2 11 11 874 875 936
1900 2 2 11 11 874 936 935
1901 2 2 11 11 875 876 937
1902 2 2 11 11 875 937 936
1903 2 2 11 11 876 877 938
1904 2 2 11 11 876 938 937
1905 2 2 11 11 877 878 939
1906 2 2 11 11 877 939 938
1907 2 2 11 11 878 879 940
1908 2 2 11 11 878 940 939
1909 2 2 11 11 879 880 941
1910 2 2 11 11 879 941 940
1911 2 2 11 11 880 881 942
1912 2 2 11 11 880 942 941
1913 2 2 11 11 881 882 943
1914 2 2 11 11 881 943 942
1915 2 2 11 11 882 883 944
1916 2 2 11 11 882 944 943
1917 2 2 11 11 883 884 945
1918 2 2 11 11 883 945 944
1919 2 2 11 11 884 885 946
1920 2 2 11 11 884 946 945
1921 2 2 11 11 885 886 947
1922 2 2 11 11 885 947 946
1923 2 2 11 11 886 887 948
1924 2 2 11 11 886 948 947
1925 2 2 11 11 887 888 949
1926 2 2 11 11 887 949 948
1927 2 2 11 11 888 889 950
1928 2 2 11 11 888 950 949
1929 2 2 11 11 889 890 951
1930 2 2 11 11 889 951 950
1931 2 2 11 11 890 891 952
1932 2 2 11 11 890 952 951
1933 2 2 11 11 891 892 953
1934 2 2 11 11 891 953 952
1935 2 2 11 11 892 893 954
1936 2 2 11 11 892 954 953
1937 2 2 11 11 893 894 955
1938 2 2 11 11 893 955 954
1939 2 2 11 11 894 895 956
1940 2 2 11 11 894 956 955
1941 2 2 11 11 895 896 957
1942 2 2 11 11 895 957 956
1943 2 2 11 11 896 897 958
1944 2 2 11 11 896 958 957
1945 2 2 11 11 897 898 959
1946 2 2 11 11 897 959 958
1947 2 2 11 11 898 899 960
1948 2 2 11 11 898 960 959
1949 2 2 11 11 899 900 961
1950 2 2 11 11 899 961 960
1951 2 2 11 11 900 901 962
1952 2 2 11 11 900 962 961
1953 2 2 11 11 901 902 963
1954 2 2 11 11 901 963 962
1955 2 2 11 11 902 903 964
1956 2 2 11 11 902 964 963
1957 2 2 11 11 903 904 965
1958 2 2 11 11 903 965 964
1959 2 2 11 11 904 905 966
1960 2 2 11 11 904 966 965
1961 2 2 11 11 905 906 967
1962 2 2 11 11 905 967 966
1963 2 2 11 11 906 907 968
1964 2 2 11 11 906 968 967
1965 2 2 11 11 907 908 969
1966 2 2 11 11 907 969 968
1967 2 2 11 11 908 909 970
1968 2 2 11 11 908 970 969
1969 2 2 11 11 909 910 971
1970 2 2 11 11 909 971 970
1971 2 2 11 11 910 911 972
1972 2 2 11 11 910 972 971
1973 2 2 11 11 911 912 973
1974 2 2 11 11 911 973 972
1975 2 2 11 11 912 913 974
1976 2 2 11 11 912 974 973
1977 2 2 11 11 913 914 975
1978 2 2 11 11 913 975 974
1979 2 2 11 11 914 915 976
1980 2 2 11 11 914 976 975
1981 2 2 11 11 916 917 978
1982 2 2 11 11 916 978 977
1983 2 2 11 11 917 918 979
1984 2 2 11 11 917 979 978
1985 2 2 11 11 918 919 980
1986 2 2 11 11 918 980 979
1987 2 2 11 11 919 920 981
1988 2 2 11 11 919 981 980
1989 2 2 11 11 920 921 982
1990 2 2 11 11 920 982 981
1991 2 2 11 11 921 922 983
1992 2 2 11 11 921 983 982
1993 2 2 11 11 922 923 984
1994 2 2 11 11 922 984 983
1995 2 2 11 11 923 924 985
1996 2 2 11 11 923 985 984
1997 2 2 11 11 924 925 986
1998 2 2 11 11 924 986 985
1999 2 2 11 11 925 926 987
2000 2 2 11 11 925 987 986
2001 2 2 11 11 926 927 988
2002 2 2 11 11 926 988 987
2003 2 2 11 11 927 928 989
2004 2 2 11 11 927 989 988
2005 2 2 11 11 928 929 990
2006 2 2 11 11 928 990 989
2007 2 2 11 11 929 930 991
2008 2 2 11 11 929 991 990
2009 2 2 11 11 930 931 992
2010 2 2 11 11 930 992 991
2011 2 2 11 11 931 932 993
2012 2 2 11 11 931 993 992
2013 2 2 11 11 932 933 994
2014 2 2 11 11 932 994 993
2015 2 2 11 11 933 934 995
2016 2 2 11 11 933 995 994
2017 2 2 11 11 934 935 996
2018 2 2 11 11 934 996 995
2019 2 2 11 11 935 936 997
2020 2 2 11 11 935 997 996
2021 2 2 11 11 936 937 998
2022 2 2 11 11 936 998 997
2023 2 2 11 11 937 938 999
2024 2 2 11 11 937 999 998
2025 2 2 11 11 938 939 1000
2026 2 2 11 11 938 1000 999
2027 2 2 11 11 939 940 1001
2028 2 2 11 11 939 1001 1000
2029 2 2 11 11 940 941 1002
2030 2 2 11 11 940 1002 1001
2031 2 2 11 11 941 942 1003
2032 2 2 11 11 941 1003 1002
2033 2 2 11 11 942 943 1004
2034 2 2 11 11 942 1004 1003
2035 2 2 11 11 943 944 1005
2036 2 2 11 11 943 1005 1004
2037 2 2 11 11 944 945 1006
2038 2 2 11 11 944 1006 1005
2039 2 2 11 11 945 946 1007
2040 2 2 11 11 945 1007 1006
2041 2 2 11 11 946 947 1008
2042 2 2 11 11 946 1008 1007
2043 2 2 11 11 947 948 1009
2044 2 2 11 11 947 1009 1008
2045 2 2 11 11 948 949 1010
2046 2 2 11 11 948 1010 1009
2047 2 2 11 11 949 950 1011
2048 2 2 11 11 949 1011 1010
2049 2 2 11 11 950 951 1012
2050 2 2 11 11 950 1012 1011
2051 2 2 11 11 951 952 1013
2052 2 2 11 11 951 1013 1012
2053 2 2 11 11 952 953 1014
2054 2 2 11 11 952 1014 1013
2055 2 2 11 11 953 954 1015
2056 2 2 11 11 953 1015 1014
2057 2 2 11 11 954 955 1016
2058 2 2 11 11 954 1016 1015
2059 2 2 11 11 955 956 1017
2060 2 2 11 11 955 1017 1016
2061 2 2 11 11 956 957 1018
2062 2 2 11 11 956 1018 1017
2063 2 2 11 11 957 958 1019
2064 2 2 11 11 957 1019 1018
2065 2 2 11 11 958 959 1020
2066 2 2 11 11 958 1020 1019
2067 2 2 11 11 959 960 1021
2068 2 2 11 11 959 1021 1020
2069 2 2 11 11 960 961 1022
2070 2 2 11 11 960 1022 1021
2071 2 2 11 11 961 962 1023
2072 2 2 11 11 961 1023 1022
2073 2 2 11 11 962 963 1024
2074 2 2 11 11 962 1024 1023
2075 2 2 11 11 963 964 1025
2076 2 2 11 11 963 1025 1024
2077 2 2 11 11 964 965 1026
2078 2 2 11 11 964 1026 1025
2079 2 2 11 11 965 966 1027
2080 2 2 11 11 965 1027 1026
2081 2 2 11 11 966 967 1028
2082 2 2 11 11 966 1028 1027
2083 2 2 11 11 967 968 1029
2084 2 2 11 11 967 1029 1028
2085 2 2 11 11 968 969 1030
2086 2 2 11 11 968 1030 1029
2087 2 2 11 11 969 970 1031
2088 2 2 11 11 969 1031 1030
2089 2 2 11 11 970 971 1032
2090 2 2 11 11 970 1032 1031
2091 2 2 11 11 971 972 1033
2092 2 2 11 11 971 1033 1032
2093 2 2 11 11 972 973 1034
2094 2 2 11 11 972 1034 1033
2095 2 2 11 11 973 974 1035
2096 2 2 11 11 973 1035 1034
2097 2 2 11 11 974 975 1036
2098 2 2 11 11 974 1036 1035
2099 2 2 11 11 975 976 1037
2100 2 2 11 11 975 1037 1036
2101 2 2 11 11 977 978 1039
2102 2 2 11 11 977 1039 1038
2103 2 2 11 11 978 979 1040
2104 2 2 11 11 978 1040 1039
2105 2 2 11 11 979 980 1041
2106 2 2 11 11 979 1041 1040
2107 2 2 11 11 980 981 1042
2108 2 2 11 11 980 1042 1041
2109 2 2 11 11 981 982 1043
2110 2 2 11 11 981 1043 1042
2111 2 2 11 11 982 983 1044
2112 2 2 11 11 982 1044 1043
2113 2 2 11 11 983 984 1045
2114 2 2 11 11 983 1045 1044
2115 2 2 11 11 984 985 1046
2116 2 2 11 11 984 1046 1045
2117 2 2 11 11 985 986 1047
2118 2 2 11 11 985 1047 1046
2119 2 2 11 11 986 987 1048
2120 2 2 11 11 986 1048 1047
2121 2 2 11 11 987 988 1049
2122 2 2 11 11 987 1049 1048
2123 2 2 11 11 988 989 1050
2124 2 2 11 11 988 1050 1049
2125 2 2 11 11 989 990 1051
2126 2 2 11 11 989 1051 1050
2127 2 2 11 11 990 991 1052
2128 2 2 11 11 990 1052 1051
2129 2 2 11 11 991 992 1053
2130 2 2 11 11 991 1053 1052
2131 2 2 11 11 992 993 1054
2132 2 2 11 11 992 1054 1053
2133 2 2 11 11 993 994 1055
2134 2 2 11 11 993 1055 1054
2135 2 2 11 11 994 995 1056
2136 2 2 11 11 994 1056 1055
2137 2 2 11 11 995 996 1057
2138 2 2 11 11 995 1057 1056
2139 2 2 11 11 996 997 1058
2140 2 2 11 11 996 1058 1057
2141 2 2 11 11 997 998 1059
2142 2 2 11 11 997 1059 1058
2143 2 2 11 11 998 999 1060
2144 2 2 11 11 998 1060 1059
2145 2 2 11 11 999 1000 1061
2146 2 2 11 11 999 1061 1060
2147 2 2 11 11 1000 1001 1062
2148 2 2 11 11 1000 1062 1061
2149 2 2 11 11 1001 1002 1063
2150 2 2 11 11 1001 1063 1062
2151 2 2 11 11 1002 1003 1064
2152 2 2 11 11 1002 1064 1063
2153 2 2 11 11 1003 1004 1065
2154 2 2 11 11 1003 1065 1064
2155 2 2 11 11 1004 1005 1066
2156 2 2 11 11 1004 1066 1065
2157 2 2 11 11 1005 1006 1067
2158 2 2 11 11 1005 1067 1066
2159 2 2 11 11 1006 1007 1068
2160 2 2 11 11 1006 1068 1067
2161 2 2 11 11 1007 1008 1069
2162 2 2 11 11 1007 1069 1068
2163 2 2 11 11 1008 1009 1070
2164 2 2 11 11 1008 1070 1069
2165 2 2 11 11 1009 1010 1071
2166 2 2 11 11 1009 1071 1070
2167 2 2 11 11 1010 1011 1072
2168 2 2 11 11 1010 1072 1071
2169 2 2 11 11 1011 1012 1073
2170 2 2 11 11 1011 1073 1072
2171 2 2 11 11 1012 1013 1074
2172 2 2 11 11 1012 1074 1073
2173 2 2 11 11 1013 1014 1075
2174 2 2 11 11 1013 1075 1074
2175 2 2 11 11 1014 1015 1076
2176 2 2 11 11 1014 1076 1075
2177 2 2 11 11 1015 1016 1077
2178 2 2 11 11 1015 1077 1076
2179 2 2 11 11 1016 1017 1078
2180 2 2 11 11 1016 1078 1077
2181 2 2 11 11 1017 1018 1079
2182 2 2 11 11 1017 1079 1078
2183 2 2 11 11 1018 1019 1080
2184 2 2 11 11 1018 1080 1079
2185 2 2 11 11 1019 1020 1081
2186 2 2 11 11 1019 1081 1080
2187 2 2 11 11 1020 1021 1082
2188 2 2 11 11 1020 1082 1081
2189 2 2 11 11 1021 1022 1083
2190 2 2 11 11 1021 1083 1082
2191 2 2 11 11 1022 1023 1084
2192 2 2 11 11 1022 1084 1083
2193 2 2 11 11 1023 1024 1085
2194 2 2 11 11 1023 1085 1084
2195 2 2 11 11 1024 1025 1086
2196 2 2 11 11 1024 1086 1085
2197 2 2 11 11 1025 1026 1087
2198 2 2 11 11 1025 1087 1086
2199 2 2 11 11 1026 1027 1088
2200 2 2 11 11 1026 1088 1087
2201 2 2 11 11 1027 1028 1089
2202 2 2 11 11 1027 1089 1088
2203 2 2 11 11 1028 1029 1090
2204 2 2 11 11 1028 1090 1089
2205 2 2 11 11 1029 1030 1091
2206 2 2 11 11 1029 1091 1090
2207 2 2 11 11 1030 1031 1092
2208 2 2 11 11 1030 1092 1091
2209 2 2 11 11 1031 1032 1093
2210 2 2 11 11 1031 1093 1092
2211 2 2 11 11 1032 1033 1094
2212 2 2 11 11 1032 1094 1093
2213 2 2 11 11 1033 1034 1095
2214 2 2 11 11 1033 1095 1094
2215 2 2 11 11 1034 1035 1096
2216 2 2 11 11 1034 1096 1095
2217 2 2 11 11 1035 1036 1097
2218 2 2 11 11 1035 1097 1096
2219 2 2 11 11 1036 1037 1098
2220 2 2 11 11 1036 1098 1097
2221 2 2 11 11 1038 1039 1100
2222 2 2 11 11 1038 1100 1099
2223 2 2 11 11 1039 1040 1101
2224 2 2 11 11 1039 1101 1100
2225 2 2 11 11 1040 1041 1102
2226 2 2 11 11 1040 1102 1101
2227 2 2 11 11 1041 1042 1103
2228 2 2 11 11 1041 1103 1102
2229 2 2 11 11 1042 1043 1104
2230 2 2 11 11 1042 1104 1103
2231 2 2 11 11 1043 1044 1105
2232 2 2 11 11 1043 1105 1104
2233 2 2 11 11 1044 1045 1106
2234 2 2 11 11 1044 1106 1105
2235 2 2 11 11 1045 1046 1107
2236 2 2 11 11 1045 1107 1106
2237 2 2 11 11 1046 1047 1108
2238 2 2 11 11 1046 1108 1107
2239 2 2 11 11 1047 1048 1109
2240 2 2 11 11 1047 1109 1108
2241 2 2 11 11 1048 1049 1110
2242 2 2 11 11 1048 1110 1109
2243 2 2 11 11 1049 1050 1111
2244 2 2 11 11 1049 1111 1110
2245 2 2 11 11 1050 1051 1112
2246 2 2 11 11 1050 1112 1111
2247 2 2 11 11 1051 1052 1113
2248 2 2 11 11 1051 1113 1112
2249 2 2 11 11 1052 1053 1114
2250 2 2 11 11 1052 1114 1113
2251 2 2 11 11 1053 1054 1115
2252 2 2 11 11 1053 1115 1114
2253 2 2 11 11 1054 1055 1116
2254 2 2 11 11 1054 1116 1115
2255 2 2 11 11 1055 1056 1117
2256 2 2 11 11 1055 1117 1116
2257 2 2 11 11 1056 1057 1118
2258 2 2 11 11 1056 1118 1117
2259 2 2 11 11 1057 1058 1119
2260 2 2 11 11 1057 1119 1118
2261 2 2 11 11 1058 1059 1120
2262 2 2 11 11 1058 1120 1119
2263 2 2 11 11 1059 1060 1121
2264 2 2 11 11 1059 1121 1120
2265 2 2 11 11 1060 1061 1122
2266 2 2 11 11 1060 1122 1121
2267 2 2 11 11 1061 1062 1123
2268 2 2 11 11 1061 1123 1122
2269 2 2 11 11 1062 1063 1124
2270 2 2 11 11 1062 1124 1123
2271 2 2 11 11 1063 1064 1125
2272 2 2 11 11 1063 1125 1124
2273 2 2 11 11 1064 1065 1126
2274 2 2 11 11 1064 1126 1125
2275 2 2 11 11 1065 1066 1127
2276 2 2 11 11 1065 1127 1126
2277 2 2 11 11 1066 1067 1128
2278 2 2 11 11 1066 1128 1127
2279 2 2 11 11 1067 1068 1129
2280 2 2 11 11 1067 1129 1128
2281 2 2 11 11 1068 1069 1130
2282 2 2 11 11 1068 1130 1129
2283 2 2 11 11 1069 1070 1131
2284 2 2 11 11 1069 1131 1130
2285 2 2 11 11 1070 1071 1132
2286 2 2 11 11 1070 1132 1131
2287 2 2 11 11 1071 1072 1133
2288 2 2 11 11 1071 1133 1132
2289 2 2 11 11 1072 1073 1134
2290 2 2 11 11 1072 1134 1133
2291 2 2 11 11 1073 1074 1135
2292 2 2 11 11 1073 1135 1134
2293 2 2 11 11 1074 1075 1136
2294 2 2 11 11 1074 1136 1135
2295 2 2 11 11 1075 1076 1137
2296 2 2 11 11 1075 1137 1136
2297 2 2 11 11 1076 1077 1138
2298 2 2 11 11 1076 1138 1137
2299 2 2 11 11 1077 1078 1139
2300 2 2 11 11 1077 1139 1138
2301 2 2 11 11 1078 1079 1140
2302 2 2 11 11 1078 1140 1139
2303 2 2 11 11 1079 1080 1141
2304 2 2 11 11 1079 1141 1140
2305 2 2 11 11 1080 1081 1142
2306 2 2 11 11 1080 1142 1141
2307 2 2 11 11 1081 1082 1143
2308 2 2 11 11 1081 1143 1142
2309 2 2 11 11 1082 1083 1144
2310 2 2 11 11 1082 1144 1143
2311 2 2 11 11 1083 1084 1145
2312 2 2 11 11 1083 1145 1144
2313 2 2 11 11 1084 1085 1146
2314 2 2 11 11 1084 1146 1145
2315 2 2 11 11 1085 1086 1147
2316 2 2 11 11 1085 1147 1146
2317 2 2 11 11 1086 1087 1148
2318 2 2 11 11 1086 1148 1147
2319 2 2 11 11 1087 1088 1149
2320 2 2 11 11 1087 1149 1148
2321 2 2 11 11 1088 1089 1150
2322 2 2 11 11 1088 1150 1149
2323 2 2 11 11 1089 1090 1151
2324 2 2 11 11 1089 1151 1150
2325 2 2 11 11 1090 1091 1152
2326 2 2 11 11 1090 1152 1151
2327 2 2 11 11 1091 1092 1153
2328 2 2 11 11 1091 1153 1152
2329 2 2 11 11 1092 1093 1154
2330 2 2 11 11 1092 1154 1153
2331 2 2 11 11 1093 1094 1155
2332 2 2 11 11 1093 1155 1154
2333 2 2 11 11 1094 1095 1156
2334 2 2 11 11 1094 1156 1155
2335 2 2 11 11 1095 1096 1157
2336 2 2 11 11 1095 1157 1156
2337 2 2 11 11 1096 1097 1158
2338 2 2 11 11 1096 1158 1157
2339 2 2 11 11 1097 1098 1159
2340 2 2 11 11 1097 1159 1158
2341 2 2 11 11 1099 1100 1161
2342 2 2 11 11 1099 1161 1160
2343 2 2 11 11 1100 1101 1162
2344 2 2 11 11 1100 1162 1161
2345 2 2 11 11 1101 1102 1163
2346 2 2 11 11 1101 1163 1162
2347 2 2 11 11 1102 1103 1164
2348 2 2 11 11 1102 1164 1163
2349 2 2 11 11 1103 1104 1165
2350 2 2 11 11 1103 1165 1164
2351 2 2 11 11 1104 1105 1166
2352 2 2 11 11 1104 1166 1165
2353 2 2 11 11 1105 1106 1167
2354 2 2 11 11 1105 1167 1166
2355 2 2 11 11 1106 1107 1168
2356 2 2 11 11 1106 1168 1167
2357 2 2 11 11 1107 1108 1169
2358 2 2 11 11 1107 1169 1168
2359 2 2 11 11 1108 1109 1170
2360 2 2 11 11 1108 1170 1169
2361 2 2 11 11 1109 1110 1171
2362 2 2 11 11 1109 1171 1170
2363 2 2 11 11 1110 1111 1172
2364 2 2 11 11 1110 1172 1171
2365 2 2 11 11 1111 1112 1173
2366 2 2 11 11 1111 1173 1172
2367 2 2 11 11 1112 1113 1174
2368 2 2 11 11 1112 1174 1173
2369 2 2 11 11 1113 1114 1175
2370 2 2 11 11 1113 1175 1174
2371 2 2 11 11 1114 1115 1176
2372 2 2 11 11 1114 1176 1175
2373 2 2 11 11 1115 1116 1177
2374 2 2 11 11 1115 1177 1176
2375 2 2 11 11 1116 1117 1178
2376 2 2 11 11 1116 1178 1177
2377 2 2 11 11 1117 1118 1179
2378 2 2 11 11 1117 1179 1178
2379 2 2 11 11 1118 1119 1180
2380 2 2 11 11 1118 1180 1179
2381 2 2 11 11 1119 1120 1181
2382 2 2 11 11 1119 1181 1180
2383 2 2 11 11 1120 1121 1182
2384 2 2 11 11 1120 1182 1181
2385 2 2 11 11 1121 1122 1183
2386 2 2 11 11 1121 1183 1182
2387 2 2 11 11 1122 1123 1184
2388 2 2 11 11 1122 1184 1183
2389 2 2 11 11 1123 1124 1185
2390 2 2 11 11 1123 1185 1184
2391 2 2 11 11 1124 1125 1186
2392 2 2 11 11 1124 1186 1185
2393 2 2 11 11 1125 1126 1187
2394 2 2 11 11 1125 1187 1186
2395 2 2 11 11 1126 1127 1188
2396 2 2 11 11 1126 1188 1187
2397 2 2 11 11 1127 1128 1189
2398 2 2 11 11 1127 1189 1188
2399 2 2 11 11 1128 1129 1190
2400 2 2 11 11 1128 1190 1189
2401 2 2 11 11 1129 1130 1191
2402 2 2 11 11 1129 1191 1190
2403 2 2 11 11 1130 1131 1192
2404 2 2 11 11 1130 1192 1191
2405 2 2 11 11 1131 1132 1193
2406 2 2 11 11 1131 1193 1192
2407 2 2 11 11 1132 1133 1194
2408 2 2 11 11 1132 1194 1193
2409 2 2 11 11 1133 1134 1195
2410 2 2 11 11 1133 1195 1194
2411 2 2 11 11 1134 1135 1196
2412 2 2 11 11 1134 1196 1195
2413 2 2 11 11 1135 1136 1197
2414 2 2 11 11 1135 1197 1196
2415 2 2 11 11 1136 1137 1198
2416 2 2 11 11 1136 1198 1197
2417 2 2 11 11 1137 1138 1199
2418 2 2 11 11 1137 1199 1198
2419 2 2 11 11 1138 1139 1200
2420 2 2 11 11 1138 1200 1199
2421 2 2 11 11 1139 1140 1201
2422 2 2 11 11 1139 1201 1200
2423 2 2 11 11 1140 1141 1202
2424 2 2 11 11 1140 1202 1201
2425 2 2 11 11 1141 1142 1203
2426 2 2 11 11 1141 1203 1202
2427 2 2 11 11 1142 1143 1204
2428 2 2 11 11 1142 1204 1203
2429 2 2 11 11 1143 1144 1205
2430 2 2 11 11 1143 1205 1204
2431 2 2 11 11 1144 1145 1206
2432 2 2 11 11 1144 1206 1205
2433 2 2 11 11 1145 1146 1207
2434 2 2 11 11 1145 1207 1206
2435 2 2 11 11 1146 1147 1208
2436 2 2 11 11 1146 1208 1207
2437 2 2 11 11 1147 1148 1209
2438 2 2 11 11 1147 1209 1208
2439 2 2 11 11 1148 1149 1210
2440 2 2 11 11 1148 1210 1209
2441 2 2 11 11 1149 1150 1211
2442 2 2 11 11 1149 1211 1210
2443 2 2 11 11 1150 1151 1212
2444 2 2 11 11 1150 1212 1211
2445 2 2 11 11 1151 1152 1213
2446 2 2 11 11 1151 1213 1212
2447 2 2 11 11 1152 1153 1214
2448 2 2 11 11 1152 1214 1213
2449 2 2 11 11 1153 1154 1215
2450 2 2 11 11 1153 1215 1214
2451 2 2 11 11 1154 1155 1216
2452 2 2 11 11 1154 1216 1215
2453 2 2 11 11 1155 1156 1217
2454 2 2 11 11 1155 1217 1216
2455 2 2 11 11 1156 1157 1218
2456 2 2 11 11 1156 1218 1217
2457 2 2 11 11 1157 1158 1219
2458 2 2 11 11 1157 1219 1218
2459 2 2 11 11 1158 1159 1220
2460 2 2 11 11 1158 1220 1219
2461 2 2 11 11 1160 1161 1222
2462 2 2 11 11 1160 1222 1221
2463 2 2 11 11 1161 1162 1223
2464 2 2 11 11 1161 1223 1222
2465 2 2 11 11 1162 1163 1224
2466 2 2 11 11 1162 1224 1223
2467 2 2 11 11 1163 1164 1225
2468 2 2 11 11 1163 1225 1224
2469 2 2 11 11 1164 1165 1226
2470 2 2 11 11 1164 1226 1225
2471 2 2 11 11 1165 1166 1227
2472 2 2 11 11 1165 1227 1226
2473 2 2 11 11 1166 1167 1228
2474 2 2 11 11 1166 1228 1227
2475 2 2 11 11 1167 1168 1229
2476 2 2 11 11 1167 1229 1228
2477 2 2 11 11 1168 1169 1230
2478 2 2 11 11 1168 1230 1229
2479 2 2 11 11 1169 1170 1231
2480 2 2 11 11 1169 1231 1230
2481 2 2 11 11 1170 1171 1232
2482 2 2 11 11 1170 1232 1231
2483 2 2 11 11 1171 1172 1233
2484 2 2 11 11 1171 1233 1232
2485 2 2 11 11 1172 1173 1234
2486 2 2 11 11 1172 1234 1233
2487 2 2 11 11 1173 1174 1235
2488 2 2 11 11 1173 1235 1234
2489 2 2 11 11 1174 1175 1236
2490 2 2 11 11 1174 1236 1235
2491 2 2 11 11 1175 1176 1237
2492 2 2 11 11 1175 1237 1236
2493 2 2 11 11 1176 1177 1238
2494 2 2 11 11 1176 1238 1237
2495 2 2 11 11 1177 1178 1239
2496 2 2 11 11 1177 1239 1238
2497 2 2 11 11 1178 1179 1240
2498 2 2 11 11 1178 1240 1239
2499 2 2 11 11 1179 1180 1241
2500 2 2 11 11 1179 1241 1240
2501 2 2 11 11 1180 1181 1242
2502 2 2 11 11 1180 1242 1241
2503 2 2 11 11 1181 1182 1243
2504 2 2 11 11 1181 1243 1242
2505 2 2 11 11 1182 1183 1244
2506 2 2 11 11 1182 1244 1243
2507 2 2 11 11 1183 1184 1245
2508 2 2 11 11 1183 1245 1244
2509 2 2 11 11 1184 1185 1246
2510 2 2 11 11 1184 1246 1245
2511 2 2 11 11 1185 1186 1247
2512 2 2 11 11 1185 1247 1246
2513 2 2 11 11 1186 1187 1248
2514 2 2 11 11 1186 1248 1247
2515 2 2 11 11 1187 1188 1249
2516 2 2 11 11 1187 1249 1248
2517 2 2 11 11 1188 1189 1250
2518 2 2 11 11 1188 1250 1249
2519 2 2 11 11 1189 1190 1251
2520 2 2 11 11 1189 1251 1250
2521 2 2 11 11 1190 1191 1252
2522 2 2 11 11 1190 1252 1251
2523 2 2 11 11 1191 1192 1253
2524 2 2 11 11 1191 1253 1252
2525 2 2 11 11 1192 1193 1254
2526 2 2 11 11 1192 1254 1253
2527 2 2 11 11 1193 1194 1255
2528 2 2 11 11 1193 1255 1254
2529 2 2 11 11 1194 1195 1256
2530 2 2 11 11 1194 1256 1255
2531 2 2 11 11 1195 1196 1257
2532 2 2 11 11 1195 1257 1256
2533 2 2 11 11 1196 1197 1258
2534 2 2 11 11 1196 1258 1257
2535 2 2 11 11 1197 1198 1259
2536 2 2 11 11 1197 1259 1258
2537 2 2 11 11 1198 1199 1260
2538 2 2 11 11 1198 1260 1259
2539 2 2 11 11 1199 1200 1261
2540 2 2 11 11 1199 1261 1260
2541 2 2 11 11 1200 1201 1262
2542 2 2 11 11 1200 1262 1261
2543 2 2 11 11 1201 1202 1263
2544 2 2 11 11 1201 1263 1262
2545 2 2 11 11 1202 1203 1264
2546 2 2 11 11 1202 1264 1263
2547 2 2 11 11 1203 1204 1265
2548 2 2 11 11 1203 1265 1264
2549 2 2 11 11 1204 1205 1266
2550 2 2 11 11 1204 1266 1265
2551 2 2 11 11 1205 1206 1267
2552 2 2 11 11 1205 1267 1266
2553 2 2 11 11 1206 1207 1268
2554 2 2 11 11 1206 1268 1267
2555 2 2 11 11 1207 1208 1269
2556 2 2 11 11 1207 1269 1268
2557 2 2 11 11 1208 1209 1270
2558 2 2 11 11 1208 1270 1269
2559 2 2 11 11 1209 1210 1271
2560 2 2 11 11 1209 1271 1270
2561 2 2 11 11 1210 1211 1272
2562 2 2 11 11 1210 1272 1271
2563 2 2 11 11 1211 1212 1273
2564 2 2 11 11 1211 1273 1272
2565 2 2 11 11 1212 1213 1274
2566 2 2 11 11 1212 1274 1273
2567 2 2 11 11 1213 1214 1275
2568 2 2 11 11 1213 1275 1274
2569 2 2 11 11 1214 1215 1276
2570 2 2 11 11 1214 1276 1275
2571 2 2 11 11 1215 1216 1277
2572 2 2 11 11 1215 1277 1276
2573 2 2 11 11 1216 1217 1278
2574 2 2 11 11 1216 1278 1277
2575 2 2 11 11 1217 1218 1279
2576 2 2 11 11 1217 1279 1278
2577 2 2 11 11 1218 1219 1280
2578 2 2 11 11 1218 1280 1279
2579 2 2 11 11 1219 1220 1281
2580 2 2 11 11 1219 1281 1280
2581 2 2 11 11 1221 1222 1283
2582 2 2 11 11 1221 1283 1282
2583 2 2 11 11 1222 1223 1284
2584 2 2 11 11 1222 1284 1283
2585 2 2 11 11 1223 1224 1285
2586 2 2 11 11 1223 1285 1284
2587 2 2 11 11 1224 1225 1286
2588 2 2 11 11 1224 1286 1285
2589 2 2 11 11 1225 1226 1287
2590 2 2 11 11 1225 1287 1286
2591 2 2 11 11 1226 1227 1288
2592 2 2 11 11 1226 1288 1287
2593 2 2 11 11 1227 1228 1289
2594 2 2 11 11 1227 1289 1288
2595 2 2 11 11 1228 1229 1290
2596 2 2 11 11 1228 1290 1289
2597 2 2 11 11 1229 1230 1291
2598 2 2 11 11 1229 1291 1290
2599 2 2 11 11 1230 1231 1292
2600 2 2 11 11 1230 1292 1291
2601 2 2 11 11 1231 1232 1293
2602 2 2 11 11 1231 1293 1292
2603 2 2 11 11 1232 1233 1294
2604 2 2 11 11 1232 1294 1293
2605 2 2 11 11 1233 1234 1295
2606 2 2 11 11 1233 1295 1294
2607 2 2 11 11 1234 1235 1296
2608 2 2 11 11 1234 1296 1295
2609 2 2 11 11 1235 1236 1297
2610 2 2 11 11 1235 1297 1296
2611 2 2 11 11 1236 1237 1298
2612 2 2 11 11 1236 1298 1297
2613 2 2 11 11 1237 1238 1299
2614 2 2 11 11 1237 1299 1298
2615 2 2 11 11 1238 1239 1300
2616 2 2 11 11 1238 1300 1299
2617 2 2 11 11 1239 1240 1301
2618 2 2 11 11 1239 1301 1300
2619 2 2 11 11 1240 1241 1302
2620 2 2 11 11 1240 1302 1301
2621 2 2 11 11 1241 1242 1303
2622 2 2 11 11 1241 1303 1302
2623 2 2 11 11 1242 1243 1304
2624 2 2 11 11 1242 1304 1303
2625 2 2 11 11 1243 1244 1305
2626 2 2 11 11 1243 1305 1304
2627 2 2 11 11 1244 1245 1306
2628 2 2 11 11 1244 1306 1305
2629 2 2 11 11 1245 1246 1307
2630 2 2 11 11 1245 1307 1306
2631 2 2 11 11 1246 1247 1308
2632 2 2 11 11 1246 1308 1307
2633 2 2 11 11 1247 1248 1309
2634 2 2 11 11 1247 1309 1308
2635 2 2 11 11 1248 1249 1310
2636 2 2 11 11 1248 1310 1309
2637 2 2 11 11 1249 1250 1311
2638 2 2 11 11 1249 1311 1310
2639 2 2 11 11 1250 1251 1312
2640 2 2 11 11 1250 1312 1311
2641 2 2 11 11 1251 1252 1313
2642 2 2 11 11 1251 1313 1312
2643 2 2 11 11 1252 1253 1314
2644 2 2 11 11 1252 1314 1313
2645 2 2 11 11 1253 1254 1315
2646 2 2 11 11 1253 1315 1314
2647 2 2 11 11 1254 1255 1316
2648 2 2 11 11 1254 1316 1315
2649 2 2 11 11 1255 1256 1317
2650 2 2 11 11 1255 1317 1316
2651 2 2 11 11 1256 1257 1318
2652 2 2 11 11 1256 1318 1317
2653 2 2 11 11 1257 1258 1319
2654 2 2 11 11 1257 1319 1318
2655 2 2 11 11 1258 1259 1320
2656 2 2 11 11 1258 1320 1319
2657 2 2 11 11 1259 1260 1321
2658 2 2 11 11 1259 1321 1320
2659 2 2 11 11 1260 1261 1322
2660 2 2 11 11 1260 1322 1321
2661 2 2 11 11 1261 1262 1323
2662 2 2 11 11 1261 1323 1322
2663 2 2 11 11 1262 1263 1324
2664 2 2 11 11 1262 1324 1323
2665 2 2 11 11 1263 1264 1325
2666 2 2 11 11 1263 1325 1324
2667 2 2 11 11 1264 1265 1326
2668 2 2 11 11 1264 1326 1325
2669 2 2 11 11 1265 1266 1327
2670 2 2 11 11 1265 1327 1326
2671 2 2 11 11 1266 1267 1328
2672 2 2 11 11 1266 1328 1327
2673 2 2 11 11 1267 1268 1329
2674 2 2 11 11 1267 1329 1328
2675 2 2 11 11 1268 1269 1330
2676 2 2 11 11 1268 1330 1329
2677 2 2 11 11 1269 1270 1331
2678 2 2 11 11 1269 1331 1330
2679 2 2 11 11 1270 1271 1332
2680 2 2 11 11 1270 1332 1331
2681 2 2 11 11 1271 1272 1333
2682 2 2 11 11 1271 1333 1332
2683 2 2 11 11 1272 1273 1334
2684 2 2 11 11 1272 1334 1333
2685 2 2 11 11 1273 1274 1335
2686 2 2 11 11 1273 1335 1334
2687 2 2 11 11 1274 1275 1336
2688 2 2 11 11 1274 1336 1335
2689 2 2 11 11 1275 1276 1337
2690 2 2 11 11 1275 1337 1336
2691 2 2 11 11 1276 1277 1338
2692 2 2 11 11 1276 1338 1337
2693 2 2 11 11 1277 1278 1339
2694 2 2 11 11 1277 1339 1338
2695 2 2 11 11 1278 1279 1340
2696 2 2 11 11 1278 1340 1339
2697 2 2 11 11 1279 1280 1341
2698 2 2 11 11 1279 1341 1340
2699 2 2 11 11 1280 1281 1342
2700 2 2 11 11 1280 1342 1341
2701 2 2 11 11 1282 1283 1344
2702 2 2 11 11 1282 1344 1343
2703 2 2 11 11 1283 1284 1345
2704 2 2 11 11 1283 1345 1344
2705 2 2 11 11 1284 1285 1346
2706 2 2 11 11 1284 1346 1345
2707 2 2 11 11 1285 1286 1347
2708 2 2 11 11 1285 1347 1346
2709 2 2 11 11 1286 1287 1348
2710 2 2 11 11 1286 1348 1347
2711 2 2 11 11 1287 1288 1349
2712 2 2 11 11 1287 1349 1348
2713 2 2 11 11 1288 1289 1350
2714 2 2 11 11 1288 1350 1349
2715 2 2 11 11 1289 1290 1351
2716 2 2 11 11 1289 1351 1350
2717 2 2 11 11 1290 1291 1352
2718 2 2 11 11 1290 1352 1351
2719 2 2 11 11 1291 1292 1353
2720 2 2 11 11 1291 1353 1352
2721 2 2 11 11 1292 1293 1354
2722 2 2 11 11 1292 1354 1353
2723 2 2 11 11 1293 1294 1355
2724 2 2 11 11 1293 1355 1354
2725 2 2 11 11 1294 1295 1356
2726 2 2 11 11 1294 1356 1355
2727 2 2 11 11 1295 1296 1357
2728 2 2 11 11 1295 1357 1356
2729 2 2 11 11 1296 1297 1358
2730 2 2 11 11 1296 1358 1357
2731 2 2 11 11 1297 1298 1359
2732 2 2 11 11 1297 1359 1358
2733 2 2 11 11 1298 1299 1360
2734 2 2 11 11 1298 1360 1359
2735 2 2 11 11 1299 1300 1361
2736 2 2 11 11 1299 1361 1360
2737 2 2 11 11 1300 1301 1362
2738 2 2 11 11 1300 1362 1361
2739 2 2 11 11 1301 1302 1363
2740 2 2 11 11 1301 1363 1362
2741 2 2 11 11 1302 1303 1364
2742 2 2 11 11 1302 1364 1363
2743 2 2 11 11 1303 1304 1365
2744 2 2 11 11 1303 1365 1364
2745 2 2 11 11 1304 1305 1366
2746 2 2 11 11 1304 1366 1365
2747 2 2 11 11 1305 1306 1367
2748 2 2 11 11 1305 1367 1366
2749 2 2 11 11 1306 1307 1368
2750 2 2 11 11 1306 1368 1367
2751 2 2 11 11 1307 1308 1369
2752 2 2 11 11 1307 1369 1368
2753 2 2 11 11 1308 1309 1370
2754 2 2 11 11 1308 1370 1369
2755 2 2 11 11 1309 1310 1371
2756 2 2 11 11 1309 1371 1370
2757 2 2 11 11 1310 1311 1372
2758 2 2 11 11 1310 1372 1371
2759 2 2 11 11 1311 1312 1373
2760 2 2 11 11 1311 1373 1372
2761 2 2 11 11 1312 1313 1374
2762 2 2 11 11 1312 1374 1373
2763 2 2 11 11 1313 1314 1375
2764 2 2 11 11 1313 1375 1374
2765 2 2 11 11 1314 1315 1376
2766 2 2 11 11 1314 1376 1375
2767 2 2 11 11 1315 1316 1377
2768 2 2 11 11 1315 1377 1376
2769 2 2 11 11 1316 1317 1378
2770 2 2 11 11 1316 1378 1377
2771 2 2 11 11 1317 1318 1379
2772 2 2 11 11 1317 1379 1378
2773 2 2 11 11 1318 1319 1380
2774 2 2 11 11 1318 1380 1379
2775 2 2 11 11 1319 1320 1381
2776 2 2 11 11 1319 1381 1380
2777 2 2 11 11 1320 1321 1382
2778 2 2 11 11 1320 1382 1381
2779 2 2 11 11 1321 1322 1383
2780 2 2 11 11 1321 1383 1382
2781 2 2 11 11 1322 1323 1384
2782 2 2 11 11 1322 1384 1383
2783 2 2 11 11 1323 1324 1385
2784 2 2 11 11 1323 1385 1384
2785 2 2 11 11 1324 1325 1386
2786 2 2 11 11 1324 1386 1385
2787 2 2 11 11 1325 1326 1387
2788 2 2 11 11 1325 1387 1386
2789 2 2 11 11 1326 1327 1388
2790 2 2 11 11 1326 1388 1387
2791 2 2 11 11 1327 1328 1389
2792 2 2 11 11 1327 1389 1388
2793 2 2 11 11 1328 1329 1390
2794 2 2 11 11 1328 1390 1389
2795 2 2 11 11 1329 1330 1391
2796 2 2 11 11 1329 1391 1390
2797 2 2 11 11 1330 1331 1392
2798 2 2 11 11 1330 1392 1391
2799 2 2 11 11 1331 1332 1393
2800 2 2 11 11 1331 1393 1392
2801 2 2 11 11 1332 1333 1394
2802 2 2 11 11 1332 1394 1393
2803 2 2 11 11 1333 1334 1395
2804 2 2 11 11 1333 1395 1394
2805 2 2 11 11 1334 1335 1396
2806 2 2 11 11 1334 1396 1395
2807 2 2 11 11 1335 1336 1397
2808 2 2 11 11 1335 1397 1396
2809 2 2 11 11 1336 1337 1398
2810 2 2 11 11 1336 1398 1397
2811 2 2 11 11 1337 1338 1399
2812 2 2 11 11 1337 1399 1398
2813 2 2 11 11 1338 1339 1400
2814 2 2 11 11 1338 1400 1399
2815 2 2 11 11 1339 1340 1401
2816 2 2 11 11 1339 1401 1400
2817 2 2 11 11 1340 1341 1402
2818 2 2 11 11 1340 1402 1401
2819 2 2 11 11 1341 1342 1403
2820 2 2 11 11 1341 1403 1402
2821 2 2 11 11 1343 1344 1405
2822 2 2 11 11 1343 1405 1404
2823 2 2 11 11 1344 1345 1406
2824 2 2 11 11 1344 1406 1405
2825 2 2 11 11 1345 1346 1407
2826 2 2 11 11 1345 1407 1406
2827 2 2 11 11 1346 1347 1408
2828 2 2 11 11 1346 1408 1407
2829 2 2 11 11 1347 1348 1409
2830 2 2 11 11 1347 1409 1408
2831 2 2 11 11 1348 1349 1410
2832 2 2 11 11 1348 1410 1409
2833 2 2 11 11 1349 1350 1411
2834 2 2 11 11 1349 1411 1410
2835 2 2 11 11 1350 1351 1412
2836 2 2 11 11 1350 1412 1411
2837 2 2 11 11 1351 1352 1413
2838 2 2 11 11 1351 1413 1412
2839 2 2 11 11 1352 1353 1414
2840 2 2 11 11 1352 1414 1413
2841 2 2 11 11 1353 1354 1415
2842 2 2 11 11 1353 1415 1414
2843 2 2 11 11 1354 1355 1416
2844 2 2 11 11 1354 1416 1415
2845 2 2 11 11 1355 1356 1417
2846 2 2 11 11 1355 1417 1416
2847 2 2 11 11 1356 1357 1418
2848 2 2 11 11 1356 1418 1417
2849 2 2 11 11 1357 1358 1419
2850 2 2 11 11 1357 1419 1418
2851 2 2 11 11 1358 1359 1420
2852 2 2 11 11 1358 1420 1419
2853 2 2 11 11 1359 1360 1421
2854 2 2 11 11 1359 1421 1420
2855 2 2 11 11 1360 1361 1422
2856 2 2 11 11 1360 1422 1421
2857 2 2 11 11 1361 1362 1423
2858 2 2 11 11 1361 1423 1422
2859 2 2 11 11 1362 1363 1424
2860 2 2 11 11 1362 1424 1423
2861 2 2 11 11 1363 1364 1425
2862 2 2 11 11 1363 1425 1424
2863 2 2 11 11 1364 1365 1426
2864 2 2 11 11 1364 1426 1425
2865 2 2 11 11 1365 1366 1427
2866 2 2 11 11 1365 1427 1426
2867 2 2 11 11 1366 1367 1428
2868 2 2 11 11 1366 1428 1427
2869 2 2 11 11 1367 1368 1429
2870 2 2 11 11 1367 1429 1428
2871 2 2 11 11 1368 1369 1430
2872 2 2 11 11 1368 1430 1429
2873 2 2 11 11 1369 1370 1431
2874 2 2 11 11 1369 1431 1430
2875 2 2 11 11 1370 1371 1432
2876 2 2 11 11 1370 1432 1431
2877 2 2 11 11 1371 1372 1433
2878 2 2 11 11 1371 1433 1432
2879 2 2 11 11 1372 1373 1434
2880 2 2 11 11 1372 1434 1433
2881 2 2 11 11 1373 1374 1435
2882 2 2 11 11 1373 1435 1434
2883 2 2 11 11 1374 1375 1436
2884 2 2 11 11 1374 1436 1435
2885 2 2 11 11 1375 1376 1437
2886 2 2 11 11 1375 1437 1436
2887 2 2 11 11 1376 1377 1438
2888 2 2 11 11 1376 1438 1437
2889 2 2 11 11 1377 1378 1439
2890 2 2 11 11 1377 1439 1438
2891 2 2 11 11 1378 1379 1440
2892 2 2 11 11 1378 1440 1439
2893 2 2 11 11 1379 1380 1441
2894 2 2 11 11 1379 1441 1440
2895 2 2 11 11 1380 1381 1442
2896 2 2 11 11 1380 1442 1441
2897 2 2 11 11 1381 1382 1443
2898 2 2 11 11 1381 1443 1442
2899 2 2 11 11 1382 1383 1444
2900 2 2 11 11 1382 1444 1443
2901 2 2 11 11 1383 1384 1445
2902 2 2 11 11 1383 1445 1444
2903 2 2 11 11 1384 1385 1446
2904 2 2 11 11 1384 1446 1445
2905 2 2 11 11 1385 1386 1447
2906 2 2 11 11 1385 1447 1446
2907 2 2 11 11 1386 1387 1448
2908 2 2 11 11 1386 1448 1447
2909 2 2 11 11 1387 1388 1449
2910 2 2 11 11 1387 1449 1448
2911 2 2 11 11 1388 1389 1450
2912 2 2 11 11 1388 1450 1449
2913 2 2 11 11 1389 1390 1451
2914 2 2 11 11 1389 1451 1450
2915 2 2 11 11 1390 1391 1452
2916 2 2 11 11 1390 1452 1451
2917 2 2 11 11 1391 1392 1453
2918 2 2 11 11 1391 1453 1452
2919 2 2 11 11 1392 1393 1454
2920 2 2 11 11 1392 1454 1453
2921 2 2 11 11 1393 1394 1455
2922 2 2 11 11 1393 1455 1454
2923 2 2 11 11 1394 1395 1456
2924 2 2 11 11 1394 1456 1455
2925 2 2 11 11 1395 1396 1457
2926 2 2 11 11 1395 1457 1456
2927 2 2 11 11 1396 1397 1458
2928 2 2 11 11 1396 1458 1457
2929 2 2 11 11 1397 1398 1459
2930 2 2 11 11 1397 1459 1458
2931 2 2 11 11 1398 1399 1460
2932 2 2 11 11 1398 1460 1459
2933 2 2 11 11 1399 1400 1461
2934 2 2 11 11 1399 1461 1460
2935 2 2 11 11 1400 1401 1462
2936 2 2 11 11 1400 1462 1461
2937 2 2 11 11 1401 1402 1463
2938 2 2 11 11 1401 1463 1462
2939 2 2 11 11 1402 1403 1464
2940 2 2 11 11 1402 1464 1463
2941 2 2 11 11 1404 1405 1466
2942 2 2 11 11 1404 1466 1465
2943 2 2 11 11 1405 1406 1467
2944 2 2 11 11 1405 1467 1466
2945 2 2 11 11 1406 1407 1468
2946 2 2 11 11 1406 1468 1467
2947 2 2 11 11 1407 1408 1469
2948 2 2 11 11 1407 1469 1468
2949 2 2 11 11 1408 1409 1470
2950 2 2 11 11 1408 1470 1469
2951 2 2 11 11 1409 1410 1471
2952 2 2 11 11 1409 1471 1470
2953 2 2 11 11 1410 1411 1472
2954 2 2 11 11 1410 1472 1471
2955 2 2 11 11 1411 1412 1473
2956 2 2 11 11 1411 1473 1472
2957 2 2 11 11 1412 1413 1474
2958 2 2 11 11 1412 1474 1473
2959 2 2 11 11 1413 1414 1475
2960 2 2 11 11 1413 1475 1474
2961 2 2 11 11 1414 1415 1476
2962 2 2 11 11 1414 1476 1475
2963 2 2 11 11 1415 1416 1477
2964 2 2 11 11 1415 1477 1476
2965 2 2 11 11 1416 1417 1478
2966 2 2 11 11 1416 1478 1477
2967 2 2 11 11 1417 1418 1479
2968 2 2 11 11 1417 1479 1478
2969 2 2 11 11 1418 1419 1480
2970 2 2 11 11 1418 1480 1479
2971 2 2 11 11 1419 1420 1481
2972 2 2 11 11 1419 1481 1480
2973 2 2 11 11 1420 1421 1482
2974 2 2 11 11 1420 1482 1481
2975 2 2 11 11 1421 1422 1483
2976 2 2 11 11 1421 1483 1482
2977 2 2 11 11 1422 1423 1484
2978 2 2 11 11 1422 1484 1483
2979 2 2 11 11 1423 1424 1485
2980 2 2 11 11 1423 1485 1484
2981 2 2 11 11 1424 1425 1486
2982 2 2 11 11 1424 1486 1485
2983 2 2 11 11 1425 1426 1487
2984 2 2 11 11 1425 1487 1486
2985 2 2 11 11 1426 1427 1488
2986 2 2 11 11 1426 1488 1487
2987 2 2 11 11 1427 1428 1489
2988 2 2 11 11 1427 1489 1488
2989 2 2 11 11 1428 1429 1490
2990 2 2 11 11 1428 1490 1489
2991 2 2 11 11 1429 1430 1491
2992 2 2 11 11 1429 1491 1490
2993 2 2 11 11 1430 1431 1492
2994 2 2 11 11 1430 1492 1491
2995 2 2 11 11 1431 1432 1493
2996 2 2 11 11 1431 1493 1492
2997 2 2 11 11 1432 1433 1494
2998 2 2 11 11 1432 1494 1493
2999 2 2 11 11 1433 1434 1495
3000 2 2 11 11 1433 1495 1494
3001 2 2 11 11 1434 1435 1496
3002 2 2 11 11 1434 1496 1495
3003 2 2 11 11 1435 1436 1497
3004 2 2 11 11 1435 1497 1496
3005 2 2 11 11 1436 1437 1498
3006 2 2 11 11 1436 1498 1497
3007 2 2 11 11 1437 1438 1499
3008 2 2 11 11 1437 1499 1498
3009 2 2 11 11 1438 1439 1500
3010 2 2 11 11 1438 1500 1499
3011 2 2 11 11 1439 1440 1501
3012 2 2 11 11 1439 1501 1500
3013 2 2 11 11 1440 1441 1502
3014 2 2 11 11 1440 1502 1501
3015 2 2 11 11 1441 1442 1503
3016 2 2 11 11 1441 1503 1502
3017 2 2 11 11 1442 1443 1504
3018 2 2 11 11 1442 1504 1503
3019 2 2 11 11 1443 1444 1505
3020 2 2 11 11 1443 1505 1504
3021 2 2 11 11 1444 1445 1506
3022 2 2 11 11 1444 1506 1505
3023 2 2 11 11 1445 1446 1507
3024 2 2 11 11 1445 1507 1506
3025 2 2 11 11 1446 1447 1508
3026 2 2 11 11 1446 1508 1507
3027 2 2 11 11 1447 1448 1509
3028 2 2 11 11 1447 1509 1508
3029 2 2 11 11 1448 1449 1510
3030 2 2 11 11 1448 1510 1509
3031 2 2 11 11 1449 1450 1511
3032 2 2 11 11 1449 1511 1510
3033 2 2 11 11 1450 1451 1512
3034 2 2 11 11 1450 1512 1511
3035 2 2 11 11 1451 1452 1513
3036 2 2 11 11 1451 1513 1512
3037 2 2 11 11 1452 1453 1514
3038 2 2 11 11 1452 1514 1513
3039 2 2 11 11 1453 1454 1515
3040 2 2 11 11 1453 1515 1514
3041 2 2 11 11 1454 1455 1516
3042 2 2 11 11 1454 1516 1515
3043 2 2 11 11 1455 1456 1517
3044 2 2 11 11 1455 1517 1516
3045 2 2 11 11 1456 1457 1518
3046 2 2 11 11 1456 1518 1517
3047 2 2 11 11 1457 1458 1519
3048 2 2 11 11 1457 1519 1518
3049 2 2 11 11 1458 1459 1520
3050 2 2 11 11 1458 1520 1519
3051 2 2 11 11 1459 1460 1521
3052 2 2 11 11 1459 1521 1520
3053 2 2 11 11 1460 1461 1522
3054 2 2 11 11 1460 1522 1521
3055 2 2 11 11 1461 1462 1523
3056 2 2 11 11 1461 1523 1522
3057 2 2 11 11 1462 1463 1524
3058 2 2 11 11 1462 1524 1523
3059 2 2 11 11 1463 1464 1525
3060 2 2 11 11 1463 1525 1524
3061 2 2 11 11 1465 1466 1527
3062 2 2 11 11 1465 1527 1526
3063 2 2 11 11 1466 1467 1528
3064 2 2 11 11 1466 1528 1527
3065 2 2 11 11 1467 1468 1529
3066 2 2 11 11 1467 1529 1528
3067 2 2 11 11 1468 1469 1530
3068 2 2 11 11 1468 1530 1529
3069 2 2 11 11 1469 1470 1531
3070 2 2 11 11 1469 1531 1530
3071 2 2 11 11 1470 1471 1532
3072 2 2 11 11 1470 1532 1531
3073 2 2 11 11 1471 1472 1533
3074 2 2 11 11 1471 1533 1532
3075 2 2 11 11 1472 1473 1534
3076 2 2 11 11 1472 1534 1533
3077 2 2 11 11 1473 1474 1535
3078 2 2 11 11 1473 1535 1534
3079 2 2 11 11 1474 1475 1536
3080 2 2 11 11 1474 1536 1535
3081 2 2 11 11 1475 1476 1537
3082 2 2 11 11 1475 1537 1536
3083 2 2 11 11 1476 1477 1538
3084 2 2 11 11 1476 1538 1537
3085 2 2 11 11 1477 1478 1539
3086 2 2 11 11 1477 1539 1538
3087 2 2 11 11 1478 1479 1540
3088 2 2 11 11 1478 1540 1539
3089 2 2 11 11 1479 1480 1541
3090 2 2 11 11 1479 1541 1540
3091 2 2 11 11 1480 1481 1542
3092 2 2 11 11 1480 1542 1541
3093 2 2 11 11 1481 1482 1543
3094 2 2 11 11 1481 1543 1542
3095 2 2 11 11 1482 1483 1544
3096 2 2 11 11 1482 1544 1543
3097 2 2 11 11 1483 1484 1545
3098 2 2 11 11 1483 1545 1544
3099 2 2 11 11 1484 1485 1546
3100 2 2 11 11 1484 1546 1545
3101 2 2 11 11 1485 1486 1547
3102 2 2 11 11 1485 1547 1546
3103 2 2 11 11 1486 1487 1548
3104 2 2 11 11 1486 1548 1547
3105 2 2 11 11 1487 1488 1549
3106 2 2 11 11 1487 1549 1548
3107 2 2 11 11 1488 1489 1550
3108 2 2 11 11 1488 1550 1549
3109 2 2 11 11 1489 1490 1551
3110 2 2 11 11 1489 1551 1550
3111 2 2 11 11 1490 1491 1552
3112 2 2 11 11 1490 1552 1551
3113 2 2 11 11 1491 1492 1553
3114 2 2 11 11 1491 1553 1552
3115 2 2 11 11 1492 1493 1554
3116 2 2 11 11 1492 1554 1553
3117 2 2 11 11 1493 1494 1555
3118 2 2 11 11 1493 1555 1554
3119 2 2 11 11 1494 1495 1556
3120 2 2 11 11 1494 1556 1555
3121 2 2 11 11 1495 1496 1557
3122 2 2 11 11 1495 1557 1556
3123 2 2 11 11 1496 1497 1558
3124 2 2 11 11 1496 1558 1557
3125 2 2 11 11 1497 1498 1559
3126 2 2 11 11 1497 1559 1558
3127 2 2 11 11 1498 1499 1560
3128 2 2 11 11 1498 1560 1559
3129 2 2 11 11 1499 1500 1561
3130 2 2 11 11 1499 1561 1560
3131 2 2 11 11 1500 1501 1562
3132 2 2 11 11 1500 1562 1561
3133 2 2 11 11 1501 1502 1563
3134 2 2 11 11 1501 1563 1562
3135 2 2 11 11 1502 1503 1564
3136 2 2 11 11 1502 1564 1563
3137 2 2 11 11 1503 1504 1565
3138 2 2 11 11 1503 1565 1564
3139 2 2 11 11 1504 1505 1566
3140 2 2 11 11 1504 1566 1565
3141 2 2 11 11 1505 1506 1567
3142 2 2 11 11 1505 1567 1566
3143 2 2 11 11 1506 1507 1568
3144 2 2 11 11 1506 1568 1567
3145 2 2 11 11 1507 1508 1569
3146 2 2 11 11 1507 1569 1568
3147 2 2 11 11 1508 1509 1570
3148 2 2 11 11 1508 1570 1569
3149 2 2 11 11 1509 1510 1571
3150 2 2 11 11 1509 1571 1570
3151 2 2 11 11 1510 1511 1572
3152 2 2 11 11 1510 1572 1571
3153 2 2 11 11 1511 1512 1573
3154 2 2 11 11 1511 1573 1572
3155 2 2 11 11 1512 1513 1574
3156 2 2 11 11 1512 1574 1573
3157 2 2 11 11 1513 1514 1575
3158 2 2 11 11 1513 1575 1574
3159 2 2 11 11 1514 1515 1576
3160 2 2 11 11 1514 1576 1575
3161 2 2 11 11 1515 1516 1577
3162 2 2 11 11 1515 1577 1576
3163 2 2 11 11 1516 1517 1578
3164 2 2 11 11 1516 1578 1577
3165 2 2 11 11 1517 1518 1579
3166 2 2 11 11 1517 1579 1578
3167 2 2 11 11 1518 1519 1580
3168 2 2 11 11 1518 1580 1579
3169 2 2 11 11 1519 1520 1581
3170 2 2 11 11 1519 1581 1580
3171 2 2 11 11 1520 1521 1582
3172 2 2 11 11 1520 1582 1581
3173 2 2 11 11 1521 1522 1583
3174 2 2 11 11 1521 1583 1582
3175 2 2 11 11 1522 1523 1584
3176 2 2 11 11 1522 1584 1583
3177 2 2 11 11 1523 1524 1585
3178 2 2 11 11 1523 1585 1584
3179 2 2 11 11 1524 1525 1586
3180 2 2 11 11 1524 1586 1585
3181 2 2 11 11 1526 1527 1588
3182 2 2 11 11 1526 1588 1587
3183 2 2 11 11 1527 1528 1589
3184 2 2 11 11 1527 1589 1588
3185 2 2 11 11 1528 1529 1590
3186 2 2 11 11 1528 1590 1589
3187 2 2 11 11 1529 1530 1591
3188 2 2 11 11 1529 1591 1590
3189 2 2 11 11 1530 1531 1592
3190 2 2 11 11 1530 1592 1591
3191 2 2 11 11 1531 1532 1593
3192 2 2 11 11 1531 1593 1592
3193 2 2 11 11 1532 1533 1594
3194 2 2 11 11 1532 1594 1593
3195 2 2 11 11 1533 1534 1595
3196 2 2 11 11 1533 1595 1594
3197 2 2 11 11 1534 1535 1596
3198 2 2 11 11 1534 1596 1595
3199 2 2 11 11 1535 1536 1597
3200 2 2 11 11 1535 1597 1596
3201 2 2 11 11 1536 1537 1598
3202 2 2 11 11 1536 1598 1597
3203 2 2 11 11 1537 1538 1599
3204 2 2 11 11 1537 1599 1598
3205 2 2 11 11 1538 1539 1600
3206 2 2 11 11 1538 1600 1599
3207 2 2 11 11 1539 1540 1601
3208 2 2 11 11 1539 1601 1600
3209 2 2 11 11 1540 1541 1602
3210 2 2 11 11 1540 1602 1601
3211 2 2 11 11 1541 1542 1603
3212 2 2 11 11 1541 1603 1602
3213 2 2 11 11 1542 1543 1604
3214 2 2 11 11 1542 1604 1603
3215 2 2 11 11 1543 1544 1605
3216 2 2 11 11 1543 1605 1604
3217 2 2 11 11 1544 1545 1606
3218 2 2 11 11 1544 1606 1605
3219 2 2 11 11 1545 1546 1607
3220 2 2 11 11 1545 1607 1606
3221 2 2 11 11 1546 1547 1608
3222 2 2 11 11 1546 1608 1607
3223 2 2 11 11 1547 1548 1609
3224 2 2 11 11 1547 1609 1608
3225 2 2 11 11 1548 1549 1610
3226 2 2 11 11 1548 1610 1609
3227 2 2 11 11 1549 1550 1611
3228 2 2 11 11 1549 1611 1610
3229 2 2 11 11 1550 1551 1612
3230 2 2 11 11 1550 1612 1611
3231 2 2 11 11 1551 1552 1613
3232 2 2 11 11 1551 1613 1612
3233 2 2 11 11 1552 1553 1614
3234 2 2 11 11 1552 1614 1613
3235 2 2 11 11 1553 1554 1615
3236 2 2 11 11 1553 1615 1614
3237 2 2 11 11 1554 1555 1616
3238 2 2 11 11 1554 1616 1615
3239 2 2 11 11 1555 1556 1617
3240 2 2 11 11 1555 1617 1616
3241 2 2 11 11 1556 1557 1618
3242 2 2 11 11 1556 1618 1617
3243 2 2 11 11 1557 1558 1619
3244 2 2 11 11 1557 1619 1618
3245 2 2 11 11 1558 1559 1620
3246 2 2 11 11 1558 1620 1619
3247 2 2 11 11 1559 1560 1621
3248 2 2 11 11 1559 1621 1620
3249 2 2 11 11 1560 1561 1622
3250 2 2 11 11 1560 1622 1621
3251 2 2 11 11 1561 1562 1623
3252 2 2 11 11 1561 1623 1622
3253 2 2 11 11 1562 1563 1624
3254 2 2 11 11 1562 1624 1623
3255 2 2 11 11 1563 1564 1625
3256 2 2 11 11 1563 1625 1624
3257 2 2 11 11 1564 1565 1626
3258 2 2 11 11 1564 1626 1625
3259 2 2 11 11 1565 1566 1627
3260 2 2 11 11 1565 1627 1626
3261 2 2 11 11 1566 1567 1628
3262 2 2 11 11 1566 1628 1627
3263 2 2 11 11 1567 1568 1629
3264 2 2 11 11 1567 1629 1628
3265 2 2 11 11 1568 1569 1630
3266 2 2 11 11 1568 1630 1629
3267 2 2 11 11 1569 1570 1631
3268 2 2 11 11 1569 1631 1630
3269 2 2 11 11 1570 1571 1632
3270 2 2 11 11 1570 1632 1631
3271 2 2 11 11 1571 1572 1633
3272 2 2 11 11 1571 1633 1632
3273 2 2 11 11 1572 1573 1634
3274 2 2 11 11 1572 1634 1633
3275 2 2 11 11 1573 1574 1635
3276 2 2 11 11 1573 1635 1634
3277 2 2 11 11 1574 1575 1636
3278 2 2 11 11 1574 1636 1635
3279 2 2 11 11 1575 1576 1637
3280 2 2 11 11 1575 1637 1636
3281 2 2 11 11 1576 1577 1638
3282 2 2 11 11 1576 1638 1637
3283 2 2 11 11 1577 1578 1639
3284 2 2 11 11 1577 1639 1638
3285 2 2 11 11 1578 1579 1640
3286 2 2 11 11 1578 1640 1639
3287 2 2 11 11 1579 1580 1641
3288 2 2 11 11 1579 1641 1640
3289 2 2 11 11 1580 1581 1642
3290 2 2 11 11 1580 1642 1641
3291 2 2 11 11 1581 1582 1643
3292 2 2 11 11 1581 1643 1642
3293 2 2 11 11 1582 1583 1644
3294 2 2 11 11 1582 1644 1643
3295 2 2 11 11 1583 1584 1645
3296 2 2 11 11 1583 1645 1644
3297 2 2 11 11 1584 1585 1646
3298 2 2 11 11 1584 1646 1645
3299 2 2 11 11 1585 1586 1647
3300 2 2 11 11 1585 1647 1646
3301 2 2 11 11 1587 1588 1649
3302 2 2 11 11 1587 1649 1648
3303 2 2 11 11 1588 1589 1650
3304 2 2 11 11 1588 1650 1649
3305 2 2 11 11 1589 1590 1651
3306 2 2 11 11 1589 1651 1650
3307 2 2 11 11 1590 1591 1652
3308 2 2 11 11 1590 1652 1651
3309 2 2 11 11 1591 1592 1653
3310 2 2 11 11 1591 1653 1652
3311 2 2 11 11 1592 1593 1654
3312 2 2 11 11 1592 1654 1653
3313 2 2 11 11 1593 1594 1655
3314 2 2 11 11 1593 1655 1654
3315 2 2 11 11 1594 1595 1656
3316 2 2 11 11 1594 1656 1655
3317 2 2 11 11 1595 1596 1657
3318 2 2 11 11 1595 1657 1656
3319 2 2 11 11 1596 1597 1658
3320 2 2 11 11 1596 1658 1657
3321 2 2 11 11 1597 1598 1659
3322 2 2 11 11 1597 1659 1658
3323 2 2 11 11 1598 1599 1660
3324 2 2 11 11 1598 1660 1659
3325 2 2 11 11 1599 1600 1661
3326 2 2 11 11 1599 1661 1660
3327 2 2 11 11 1600 1601 1662
3328 2 2 11 11 1600 1662 1661
3329 2 2 11 11 1601 1602 1663
3330 2 2 11 11 1601 1663 1662
3331 2 2 11 11 1602 1603 1664
3332 2 2 11 11 1602 1664 1663
3333 2 2 11 11 1603 1604 1665
3334 2 2 11 11 1603 1665 1664
3335 2 2 11 11 1604 1605 1666
3336 2 2 11 11 1604 1666 1665
3337 2 2 11 11 1605 1606 1667
3338 2 2 11 11 1605 1667 1666
3339 2 2 11 11 1606 1607 1668
3340 2 2 11 11 1606 1668 1667
3341 2 2 11 11 1607 1608 1669
3342 2 2 11 11 1607 1669 1668
3343 2 2 11 11 1608 1609 1670
3344 2 2 11 11 1608 1670 1669
3345 2 2 11 11 1609 1610 1671
3346 2 2 11 11 1609 1671 1670
3347 2 2 11 11 1610 1611 1672
3348 2 2 11 11 1610 1672 1671
3349 2 2 11 11 1611 1612 1673
3350 2 2 11 11 1611 1673 1672
3351 2 2 11 11 1612 1613 1674
3352 2 2 11 11 1612 1674 1673
3353 2 2 11 11 1613 1614 1675
3354 2 2 11 11 1613 1675 1674
3355 2 2 11 11 1614 1615 1676
3356 2 2 11 11 1614 1676 1675
3357 2 2 11 11 1615 1616 1677
3358 2 2 11 11 1615 1677 1676
3359 2 2 11 11 1616 1617 1678
3360 2 2 11 11 1616 1678 1677
3361 2 2 11 11 1617 1618 1679
3362 2 2 11 11 1617 1679 1678
3363 2 2 11 11 1618 1619 1680
3364 2 2 11 11 1618 1680 1679
3365 2 2 11 11 1619 1620 1681
3366 2 2 11 11 1619 1681 1680
3367 2 2 11 11 1620 1621 1682
3368 2 2 11 11 1620 1682 1681
3369 2 2 11 11 1621 1622 1683
3370 2 2 11 11 1621 1683 1682
3371 2 2 11 11 1622 1623 1684
3372 2 2 11 11 1622 1684 1683
3373 2 2 11 11 1623 1624 1685
3374 2 2 11 11 1623 1685 1684
3375 2 2 11 11 1624 1625 1686
3376 2 2 11 11 1624 1686 1685
3377 2 2 11 11 1625 1626 1687
3378 2 2 11 11 1625 1687 1686
3379 2 2 11 11 1626 1627 1688
3380 2 2 11 11 1626 1688 1687
3381 2 2 11 11 1627 1628 1689
3382 2 2 11 11 1627 1689 1688
3383 2 2 11 11 1628 1629 1690
3384 2 2 11 11 1628 1690 1689
3385 2 2 11 11 1629 1630 1691
3386 2 2 11 11 1629 1691 1690
3387 2 2 11 11 1630 1631 1692
3388 2 2 11 11 1630 1692 1691
3389 2 2 11 11 1631 1632 1693
3390 2 2 11 11 1631 1693 1692
3391 2 2 11 11 1632 1633 1694
3392 2 2 11 11 1632 1694 1693
3393 2 2 11 11 1633 1634 1695
3394 2 2 11 11 1633 1695 1694
3395 2 2 11 11 1634 1635 1696
3396 2 2 11 11 1634 1696 1695
3397 2 2 11 11 1635 1636 1697
3398 2 2 11 11 1635 1697 1696
3399 2 2 11 11 1636 1637 1698
3400 2 2 11 11 1636 1698 1697
3401 2 2 11 11 1637 1638 1699
3402 2 2 11 11 1637 1699 1698
3403 2 2 11 11 1638 1639 1700
3404 2 2 11 11 1638 1700 1699
3405 2 2 11 11 1639 1640 1701
3406 2 2 11 11 1639 1701 1700
3407 2 2 11 11 1640 1641 1702
3408 2 2 11 11 1640 1702 1701
3409 2 2 11 11 1641 1642 1703
3410 2 2 11 11 1641 1703 1702
3411 2 2 11 11 1642 1643 1704
3412 2 2 11 11 1642 1704 1703
3413 2 2 11 11 1643 1644 1705
3414 2 2 11 11 1643 1705 1704
3415 2 2 11 11 1644 1645 1706
3416 2 2 11 11 1644 1706 1705
3417 2 2 11 11 1645 1646 1707
3418 2 2 11 11 1645 1707 1706
3419 2 2 11 11 1646 1647 1708
3420 2 2 11 11 1646 1708 1707
3421 2 2 11 11 1648 1649 1710
3422 2 2 11 11 1648 1710 1709
3423 2 2 11 11 1649 1650 1711
3424 2 2 11 11 1649 1711 1710
3425 2 2 11 11 1650 1651 1712
3426 2 2 11 11 1650 1712 1711
3427 2 2 11 11 1651 1652 1713
3428 2 2 11 11 1651 1713 1712
3429 2 2 11 11 1652 1653 1714
3430 2 2 11 11 1652 1714 1713
3431 2 2 11 11 1653 1654 1715
3432 2 2 11 11 1653 1715 1714
3433 2 2 11 11 1654 1655 1716
3434 2 2 11 11 1654 1716 1715
3435 2 2 11 11 1655 1656 1717
3436 2 2 11 11 1655 1717 1716
3437 2 2 11 11 1656 1657 1718
3438 2 2 11 11 1656 1718 1717
3439 2 2 11 11 1657 1658 1719
3440 2 2 11 11 1657 1719 1718
3441 2 2 11 11 1658 1659 1720
3442 2 2 11 11 1658 1720 1719
3443 2 2 11 11 1659 1660 1721
3444 2 2 11 11 1659 1721 1720
3445 2 2 11 11 1660 1661 1722
3446 2 2 11 11 1660 1722 1721
3447 2 2 11 11 1661 1662 1723
3448 2 2 11 11 1661 1723 1722
3449 2 2 11 11 1662 1663 1724
3450 2 2 11 11 1662 1724 1723
3451 2 2 11 11 1663 1664 1725
3452 2 2 11 11 1663 1725 1724
3453 2 2 11 11 1664 1665 1726
3454 2 2 11 11 1664 1726 1725
3455 2 2 11 11 1665 1666 1727
3456 2 2 11 11 1665 1727 1726
3457 2 2 11 11 1666 1667 1728
3458 2 2 11 11 1666 1728 1727
3459 2 2 11 11 1667 1668 1729
3460 2 2 11 11 1667 1729 1728
3461 2 2 11 11 1668 1669 1730
3462 2 2 11 11 1668 1730 1729
3463 2 2 11 11 1669 1670 1731
3464 2 2 11 11 1669 1731 1730
3465 2 2 11 11 1670 1671 1732
3466 2 2 11 11 1670 1732 1731
3467 2 2 11 11 1671 1672 1733
3468 2 2 11 11 1671 1733 1732
3469 2 2 11 11 1672 1673 1734
3470 2 2 11 11 1672 1734 1733
3471 2 2 11 11 1673 1674 1735
3472 2 2 11 11 1673 1735 1734
3473 2 2 11 11 1674 1675 1736
3474 2 2 11 11 1674 1736 1735
3475 2 2 11 11 1675 1676 1737
3476 2 2 11 11 1675 1737 1736
3477 2 2 11 11 1676 1677 1738
3478 2 2 11 11 1676 1738 1737
3479 2 2 11 11 1677 1678 1739
3480 2 2 11 11 1677 1739 1738
3481 2 2 11 11 1678 1679 1740
3482 2 2 11 11 1678 1740 1739
3483 2 2 11 11 1679 1680 1741
3484 2 2 11 11 1679 1741 1740
3485 2 2 11 11 1680 1681 1742
3486 2 2 11 11 1680 1742 1741
3487 2 2 11 11 1681 1682 1743
3488 2 2 11 11 1681 1743 1742
3489 2 2 11 11 1682 1683 1744
3490 2 2 11 11 1682 1744 1743
3491 2 2 11 11 1683 1684 1745
3492 2 2 11 11 1683 1745 1744
3493 2 2 11 11 1684 1685 1746
3494 2 2 11 11 1684 1746 1745
3495 2 2 11 11 1685 1686 1747
3496 2 2 11 11 1685 1747 1746
3497 2 2 11 11 1686 1687 1748
3498 2 2 11 11 1686 1748 1747
3499 2 2 11 11 1687 1688 1749
3500 2 2 11 11 1687 1749 1748
3501 2 2 11 11 1688 1689 1750
3502 2 2 11 11 1688 1750 1749
3503 2 2 11 11 1689 1690 1751
3504 2 2 11 11 1689 1751 1750
3505 2 2 11 11 1690 1691 1752
3506 2 2 11 11 1690 1752 1751
3507 2 2 11 11 1691 1692 1753
3508 2 2 11 11 1691 1753 1752
3509 2 2 11 11 1692 1693 1754
3510 2 2 11 11 1692 1754 1753
3511 2 2 11 11 1693 1694 1755
3512 2 2 11 11 1693 1755 1754
3513 2 2 11 11 1694 1695 1756
3514 2 2 11 11 1694 1756 1755
3515 2 2 11 11 1695 1696 1757
3516 2 2 11 11 1695 1757 1756
3517 2 2 11 11 1696 1697 1758
3518 2 2 11 11 1696 1758 1757
3519 2 2 11 11 1697 1698 1759
3520 2 2 11 11 1697 1759 1758
3521 2 2 11 11 1698 1699 1760
3522 2 2 11 11 1698 1760 1759
3523 2 2 11 11 1699 1700 1761
3524 2 2 11 11 1699 1761 1760
3525 2 2 11 11 1700 1701 1762
3526 2 2 11 11 1700 1762 1761
3527 2 2 11 11 1701 1702 1763
3528 2 2 11 11 1701 1763 1762
3529 2 2 11 11 1702 1703 1764
3530 2 2 11 11 1702 1764 1763
3531 2 2 11 11 1703 1704 1765
3532 2 2 11 11 1703 1765 1764
3533 2 2 11 11 1704 1705 1766
3534 2 2 11 11 1704 1766 1765
3535 2 2 11 11 1705 1706 1767
3536 2 2 11 11 1705 1767 1766
3537 2 2 11 11 1706 1707 1768
3538 2 2 11 11 1706 1768 1767
3539 2 2 11 11 1707 1708 1769
3540 2 2 11 11 1707 1769 1768
3541 2 2 11 11 1709 1710 1771
3542 2 2 11 11 1709 1771 1770
3543 2 2 11 11 1710 1711 1772
3544 2 2 11 11 1710 1772 1771
3545 2 2 11 11 1711 1712 1773
3546 2 2 11 11 1711 1773 1772
3547 2 2 11 11 1712 1713 1774
3548 2 2 11 11 1712 1774 1773
3549 2 2 11 11 1713 1714 1775
3550 2 2 11 11 1713 1775 1774
3551 2 2 11 11 1714 1715 1776
3552 2 2 11 11 1714 1776 1775
3553 2 2 11 11 1715 1716 1777
3554 2 2 11 11 1715 1777 1776
3555 2 2 11 11 1716 1717 1778
3556 2 2 11 11 1716 1778 1777
3557 2 2 11 11 1717 1718 1779
3558 2 2 11 11 1717 1779 1778
3559 2 2 11 11 1718 1719 1780
3560 2 2 11 11 1718 1780 1779
3561 2 2 11 11 1719 1720 1781
3562 2 2 11 11 1719 1781 1780
3563 2 2 11 11 1720 1721 1782
3564 2 2 11 11 1720 1782 1781
3565 2 2 11 11 1721 1722 1783
3566 2 2 11 11 1721 1783 1782
3567 2 2 11 11 1722 1723 1784
3568 2 2 11 11 1722 1784 1783
3569 2 2 11 11 1723 1724 1785
3570 2 2 11 11 1723 1785 1784
3571 2 2 11 11 1724 1725 1786
3572 2 2 11 11 1724 1786 1785
3573 2 2 11 11 1725 1726 1787
3574 2 2 11 11 1725 1787 1786
3575 2 2 11 11 1726 1727 1788
3576 2 2 11 11 1726 1788 1787
3577 2 2 11 11 1727 1728 1789
3578 2 2 11 11 1727 1789 1788
3579 2 2 11 11 1728 1729 1790
3580 2 2 11 11 1728 1790 1789
3581 2 2 11 11 1729 1730 1791
3582 2 2 11 11 1729 1791 1790
3583 2 2 11 11 1730 1731 1792
3584 2 2 11 11 1730 1792 1791
3585 2 2 11 11 1731 1732 1793
3586 2 2 11 11 1731 1793 1792
3587 2 2 11 11 1732 1733 1794
3588 2 2 11 11 1732 1794 1793
3589 2 2 11 11 1733 1734 1795
3590 2 2 11 11 1733 1795 1794
3591 2 2 11 11 1734 1735 1796
3592 2 2 11 11 1734 1796 1795
3593 2 2 11 11 1735 1736 1797
3594 2 2 11 11 1735 1797 1796
3595 2 2 11 11 1736 1737 1798
3596 2 2 11 11 1736 1798 1797
3597 2 2 11 11 1737 1738 1799
3598 2 2 11 11 1737 1799 1798
3599 2 2 11 11 1738 1739 1800
3600 2 2 11 11 1738 1800 1799
3601 2 2 11 11 1739 1740 1801
3602 2 2 11 11 1739 1801 1800
3603 2 2 11 11 1740 1741 1802
3604 2 2 11 11 1740 1802 1801
3605 2 2 11 11 1741 1742 1803
3606 2 2 11 11 1741 1803 1802
3607 2 2 11 11 1742 1743 1804
3608 2 2 11 11 1742 1804 1803
3609 2 2 11 11 1743 1744 1805
3610 2 2 11 11 1743 1805 1804
3611 2 2 11 11 1744 1745 1806
3612 2 2 11 11 1744 1806 1805
3613 2 2 11 11 1745 1746 1807
3614 2 2 11 11 1745 1807 1806
3615 2 2 11 11 1746 1747 1808
3616 2 2 11 11 1746 1808 1807
3617 2 2 11 11 1747 1748 1809
3618 2 2 11 11 1747 1809 1808
3619 2 2 11 11 1748 1749 1810
3620 2 2 11 11 1748 1810 1809
3621 2 2 11 11 1749 1750 1811
3622 2 2 11 11 1749 1811 1810
3623 2 2 11 11 1750 1751 1812
3624 2 2 11 11 1750 1812 1811
3625 2 2 11 11 1751 1752 1813
3626 2 2 11 11 1751 1813 1812
3627 2 2 11 11 1752 1753 1814
3628 2 2 11 11 1752 1814 1813
3629 2 2 11 11 1753 1754 1815
3630 2 2 11 11 1753 1815 1814
3631 2 2 11 11 1754 1755 1816
3632 2 2 11 11 1754 1816 1815
3633 2 2 11 11 1755 1756 1817
3634 2 2 11 11 1755 1817 1816
3635 2 2 11 11 1756 1757 1818
3636 2 2 11 11 1756 1818 1817
3637 2 2 11 11 1757 1758 1819
3638 2 2 11 11 1757 1819 1818
3639 2 2 11 11 1758 1759 1820
3640 2 2 11 11 1758 1820 1819
3641 2 2 11 11 1759 1760 1821
3642 2 2 11 11 1759 1821 1820
3643 2 2 11 11 1760 1761 1822
3644 2 2 11 11 1760 1822 1821
3645 2 2 11 11 1761 1762 1823
3646 2 2 11 11 1761 1823 1822
3647 2 2 11 11 1762 1763 1824
3648 2 2 11 11 1762 1824 1823
3649 2 2 11 11 1763 1764 1825
3650 2 2 11 11 1763 1825 1824
3651 2 2 11 11 1764 1765 1826
3652 2 2 11 11 1764 1826 1825
3653 2 2 11 11 1765 1766 1827
3654 2 2 11 11 1765 1827 1826
3655 2 2 11 11 1766 1767 1828
3656 2 2 11 11 1766 1828 1827
3657 2 2 11 11 1767 1768 1829
3658 2 2 11 11 1767 1829 1828
3659 2 2 11 11 1768 1769 1830
3660 2 2 11 11 1768 1830 1829
3661 2 2 11 11 1770 1771 1832
3662 2 2 11 11 1770 1832 1831
3663 2 2 11 11 1771 1772 1833
3664 2 2 11 11 1771 1833 1832
3665 2 2 11 11 1772 1773 1834
3666 2 2 11 11 1772 1834 1833
3667 2 2 11 11 1773 1774 1835
3668 2 2 11 11 1773 1835 1834
3669 2 2 11 11 1774 1775 1836
3670 2 2 11 11 1774 1836 1835
3671 2 2 11 11 1775 1776 1837
3672 2 2 11 11 1775 1837 1836
3673 2 2 11 11 1776 1777 1838
3674 2 2 11 11 1776 1838 1837
3675 2 2 11 11 1777 1778 1839
3676 2 2 11 11 1777 1839 1838
3677 2 2 11 11 1778 1779 1840
3678 2 2 11 11 1778 1840 1839
3679 2 2 11 11 1779 1780 1841
3680 2 2 11 11 1779 1841 1840
3681 2 2 11 11 1780 1781 1842
3682 2 2 11 11 1780 1842 1841
3683 2 2 11 11 1781 1782 1843
3684 2 2 11 11 1781 1843 1842
3685 2 2 11 11 1782 1783 1844
3686 2 2 11 11 1782 1844 1843
3687 2 2 11 11 1783 1784 1845
3688 2 2 11 11 1783 1845 1844
3689 2 2 11 11 1784 1785 1846
3690 2 2 11 11 1784 1846 1845
3691 2 2 11 11 1785 1786 1847
3692 2 2 11 11 1785 1847 1846
3693 2 2 11 11 1786 1787 1848
3694 2 2 11 11 1786 1848 1847
3695 2 2 11 11 1787 1788 1849
3696 2 2 11 11 1787 1849 1848
3697 2 2 11 11 1788 1789 1850
3698 2 2 11 11 1788 1850 1849
3699 2 2 11 11 1789 1790 1851
3700 2 2 11 11 1789 1851 1850
3701 2 2 11 11 1790 1791 1852
3702 2 2 11 11 1790 1852 1851
3703 2 2 11 11 1791 1792 1853
3704 2 2 11 11 1791 1853 1852
3705 2 2 11 11 1792 1793 1854
3706 2 2 11 11 1792 1854 1853
3707 2 2 11 11 1793 1794 1855
3708 2 2 11 11 1793 1855 1854
3709 2 2 11 11 1794 1795 1856
3710 2 2 11 11 1794 1856 1855
3711 2 2 11 11 1795 1796 1857
3712 2 2 11 11 1795 1857 1856
3713 2 2 11 11 1796 1797 1858
3714 2 2 11 11 1796 1858 1857
3715 2 2 11 11 1797 1798 1859
3716 2 2 11 11 1797 1859 1858
3717 2 2 11 11 1798 1799 1860
3718 2 2 11 11 1798 1860 1859
3719 2 2 11 11 1799 1800 1861
3720 2 2 11 11 1799 1861 1860
3721 2 2 11 11 1800 1801 1862
3722 2 2 11 11 1800 1862 1861
3723 2 2 11 11 1801 1802 1863
3724 2 2 11 11 1801 1863 1862
3725 2 2 11 11 1802 1803 1864
3726 2 2 11 11 1802 1864 1863
3727 2 2 11 11 1803 1804 1865
3728 2 2 11 11 1803 1865 1864
3729 2 2 11 11 1804 1805 1866
3730 2 2 11 11 1804 1866 1865
3731 2 2 11 11 1805 1806 1867
3732 2 2 11 11 1805 1867 1866
3733 2 2 11 11 1806 1807 1868
3734 2 2 11 11 1806 1868 1867
3735 2 2 11 11 1807 1808 1869
3736 2 2 11 11 1807 1869 1868
3737 2 2 11 11 1808 1809 1870
3738 2 2 11 11 1808 1870 1869
3739 2 2 11 11 1809 1810 1871
3740 2 2 11 11 1809 1871 1870
3741 2 2 11 11 1810 1811 1872
3742 2 2 11 11 1810 1872 1871
3743 2 2 11 11 1811 1812 1873
3744 2 2 11 11 1811 1873 1872
3745 2 2 11 11 1812 1813 1874
3746 2 2 11 11 1812 1874 1873
3747 2 2 11 11 1813 1814 1875
3748 2 2 11 11 1813 1875 1874
3749 2 2 11 11 1814 1815 1876
3750 2 2 11 11 1814 1876 1875
3751 2 2 11 11 1815 1816 1877
3752 2 2 11 11 1815 1877 1876
3753 2 2 11 11 1816 1817 1878
3754 2 2 11 11 1816 1878 1877
3755 2 2 11 11 1817 1818 1879
3756 2 2 11 11 1817 1879 1878
3757 2 2 11 11 1818 1819 1880
3758 2 2 11 11 1818 1880 1879
3759 2 2 11 11 1819 1820 1881
3760 2 2 11 11 1819 1881 1880
3761 2 2 11 11 1820 1821 1882
3762 2 2 11 11 1820 1882 1881
3763 2 2 11 11 1821 1822 1883
3764 2 2 11 11 1821 1883 1882
3765 2 2 11 11 1822 1823 1884
3766 2 2 11 11 1822 1884 1883
3767 2 2 11 11 1823 1824 1885
3768 2 2 11 11 1823 1885 1884
3769 2 2 11 11 1824 1825 1886
3770 2 2 11 11 1824 1886 1885
3771 2 2 11 11 1825 1826 1887
3772 2 2 11 11 1825 1887 1886
3773 2 2 11 11 1826 1827 1888
3774 2 2 11 11 1826 1888 1887
3775 2 2 11 11 1827 1828 1889
3776 2 2 11 11 1827 1889 1888
3777 2 2 11 11 1828 1829 1890
3778 2 2 11 11 1828 1890 1889
3779 2 2 11 11 1829 1830 1891
3780 2 2 11 11 1829 1891 1890
$EndElements
